sample_kind,pair_count,gpu_count,repeat_count,window_cells,unique_families,wall_seconds_mean,wall_seconds_std,wall_seconds_median,wall_seconds_q25,wall_seconds_q75,wall_seconds_min,wall_seconds_max,peak_cpu_rss_mib_mean,peak_cpu_rss_mib_std,peak_cpu_rss_mib_median,peak_cpu_rss_mib_q25,peak_cpu_rss_mib_q75,peak_cpu_rss_mib_min,peak_cpu_rss_mib_max,gpu_peak_memory_used_mib_sum_mean,gpu_peak_memory_used_mib_sum_std,gpu_peak_memory_used_mib_sum_median,gpu_peak_memory_used_mib_sum_q25,gpu_peak_memory_used_mib_sum_q75,gpu_peak_memory_used_mib_sum_min,gpu_peak_memory_used_mib_sum_max,gpu_peak_incremental_memory_mib_sum_mean,gpu_peak_incremental_memory_mib_sum_std,gpu_peak_incremental_memory_mib_sum_median,gpu_peak_incremental_memory_mib_sum_q25,gpu_peak_incremental_memory_mib_sum_q75,gpu_peak_incremental_memory_mib_sum_min,gpu_peak_incremental_memory_mib_sum_max,gpu_mean_utilization_percent_mean,gpu_mean_utilization_percent_std,gpu_mean_utilization_percent_median,gpu_mean_utilization_percent_q25,gpu_mean_utilization_percent_q75,gpu_mean_utilization_percent_min,gpu_mean_utilization_percent_max,gpu_energy_wh_estimate_mean,gpu_energy_wh_estimate_std,gpu_energy_wh_estimate_median,gpu_energy_wh_estimate_q25,gpu_energy_wh_estimate_q75,gpu_energy_wh_estimate_min,gpu_energy_wh_estimate_max,external_pairs_per_second_mean,external_pairs_per_second_std,external_pairs_per_second_median,external_pairs_per_second_q25,external_pairs_per_second_q75,external_pairs_per_second_min,external_pairs_per_second_max,external_window_cells_per_second_mean,external_window_cells_per_second_std,external_window_cells_per_second_median,external_window_cells_per_second_q25,external_window_cells_per_second_q75,external_window_cells_per_second_min,external_window_cells_per_second_max,cpp_cpu_matrix_inversion_seconds_mean,cpp_cpu_matrix_inversion_seconds_std,cpp_cpu_matrix_inversion_seconds_median,cpp_cpu_matrix_inversion_seconds_q25,cpp_cpu_matrix_inversion_seconds_q75,cpp_cpu_matrix_inversion_seconds_min,cpp_cpu_matrix_inversion_seconds_max,cpp_reported_computation_seconds_mean,cpp_reported_computation_seconds_std,cpp_reported_computation_seconds_median,cpp_reported_computation_seconds_q25,cpp_reported_computation_seconds_q75,cpp_reported_computation_seconds_min,cpp_reported_computation_seconds_max,matrix_output_bytes_mean,matrix_output_bytes_std,matrix_output_bytes_median,matrix_output_bytes_q25,matrix_output_bytes_q75,matrix_output_bytes_min,matrix_output_bytes_max,speedup_vs_1_gpu,parallel_efficiency_vs_1_gpu
full_family_coverage,12773,2,1,306775980,25545,324.36580219864845,0.0,324.36580219864845,324.36580219864845,324.36580219864845,324.36580219864845,324.36580219864845,17462.58203125,0.0,17462.58203125,17462.58203125,17462.58203125,17462.58203125,17462.58203125,28412.0,0.0,28412.0,28412.0,28412.0,28412.0,28412.0,28410.0,0.0,28410.0,28410.0,28410.0,28410.0,28410.0,31.624463519313302,0.0,31.624463519313302,31.624463519313302,31.624463519313302,31.624463519313302,31.624463519313302,18.891981319857283,0.0,18.891981319857283,18.891981319857283,18.891981319857283,18.891981319857283,18.891981319857283,39.378380561146656,0.0,39.378380561146656,39.378380561146656,39.378380561146656,39.378380561146656,39.378380561146656,945771.6501572627,0.0,945771.6501572627,945771.6501572627,945771.6501572627,945771.6501572627,945771.6501572627,113.502,0.0,113.502,113.502,113.502,113.502,113.502,107.0,0.0,107.0,107.0,107.0,107.0,107.0,1228125760.0,0.0,1228125760.0,1228125760.0,1228125760.0,1228125760.0,1228125760.0,,
stratified_workload,20,1,3,487045,40,0.9019411038607359,0.12194213495378112,0.9253409286029637,0.8476678107399493,0.9679143093526363,0.769994692876935,1.010487690102309,127.93619791666667,0.19363866088563858,127.90234375,127.83203125,128.0234375,127.76171875,128.14453125,14682.333333333334,130.48116083685542,14607.0,14607.0,14720.0,14607.0,14833.0,14165.0,0.0,14165.0,14165.0,14165.0,14165.0,14165.0,79.16666666666667,6.459360133429112,77.8,75.65,82.0,73.5,86.2,0.04508600164765553,0.010534915416635862,0.045843959994459164,0.040018268412512784,0.050532714056200086,0.034192576830566396,0.05522146811794101,22.46009454731002,3.176625712456611,21.613655445020747,20.703039322067344,23.79393022140806,19.79242319911394,25.974204997795376,546953.8374397304,77357.98350617148,526341.1408110064,504165.58933081443,579435.7372342844,481990.0378506225,632530.3336575624,0.17899999999999996,0.014422205101855958,0.175,0.17099999999999999,0.185,0.167,0.195,0.0,0.0,0.0,0.0,0.0,0.0,0.0,1949780.0,0.0,1949780.0,1949780.0,1949780.0,1949780.0,1949780.0,1.0,1.0
stratified_workload,20,2,3,487045,40,0.8694580200438699,0.0460661710167922,0.8464946979656816,0.8429409621749073,0.8844934168737382,0.8393872263841331,0.9224921357817948,210.5546875,0.11841801868143842,210.48828125,210.486328125,210.58984375,210.484375,210.69140625,28829.666666666668,49.973326218427104,28841.0,28808.0,28857.0,28775.0,28873.0,28364.666666666668,56.58032638058333,28332.0,28332.0,28381.0,28332.0,28430.0,50.61666666666667,9.670196912852054,52.625,46.3625,55.875,40.099999999999994,59.125,0.08450913520893157,0.003729649804509896,0.08640712198192746,0.08330967533752376,0.08665758846683733,0.08021222869312004,0.08690805495174718,23.044717712145268,1.185759127905922,23.62684615516734,22.65362389027156,23.72687575553001,21.680401625375783,23.826905355892677,561190.7269055896,28875.902722546984,575366.8642821738,551666.7123818656,577802.8101176056,527966.5604815574,580238.7559530374,0.17400000000000002,0.006244997998398389,0.176,0.17149999999999999,0.1775,0.167,0.179,0.0,0.0,0.0,0.0,0.0,0.0,0.0,1949780.0,0.0,1949780.0,1949780.0,1949780.0,1949780.0,1949780.0,1.0931443880590954,0.5465721940295477
stratified_workload,50,1,3,1091934,100,1.6316366661339998,0.1401391674635006,1.7018333598971367,1.5860524403396994,1.7123192388098687,1.470271520782262,1.7228051177226007,165.02864583333334,0.20807275370248102,164.9765625,164.9140625,165.1171875,164.8515625,165.2578125,14669.0,142.92655456562298,14603.0,14587.0,14718.0,14571.0,14833.0,14197.0,55.42562584220407,14165.0,14165.0,14213.0,14165.0,14261.0,61.892857142857146,7.536729789395884,61.75,58.089285714285715,65.625,54.42857142857143,69.5,0.08363341541202869,0.006831566491647697,0.08561344537568641,0.08082199311625982,0.08743485268962645,0.07603054085683321,0.0892562600035665,30.803279708964784,2.780539939885716,29.380079846961124,29.2012575550185,31.693701931909235,29.02243526307588,34.007324016857346,672702.968514575,60723.32197438338,641622.162152233,637716.9193416315,692148.6145063476,633811.67653103,742675.0668604622,0.442,0.03386738844375219,0.425,0.4225,0.45299999999999996,0.42,0.481,0.0,0.0,0.0,0.0,0.0,0.0,0.0,4371736.0,0.0,4371736.0,4371736.0,4371736.0,4371736.0,4371736.0,1.0,1.0
stratified_workload,50,2,3,1091934,100,1.30994273799782,0.022389145249223745,1.3080569920130074,1.2983065489679575,1.3206360540352762,1.2885561059229076,1.333215116057545,247.96614583333334,0.15479465459487235,247.98046875,247.892578125,248.046875,247.8046875,248.11328125,28904.333333333332,97.00171819784087,28905.0,28856.0,28953.0,28807.0,29001.0,28386.666666666668,49.36935621752965,28400.0,28366.0,28414.0,28332.0,28428.0,41.916666666666664,3.3572061797472807,43.333333333333336,40.708333333333336,43.833333333333336,38.083333333333336,44.333333333333336,0.09671468766152609,0.005960410261577675,0.09615969251200246,0.09360543909404401,0.09954643865424635,0.09105118567608557,0.10293318479649025,38.17702716669866,0.6512049520095882,38.22463417519257,37.863979665446124,38.51387817219815,37.503325155699685,38.803122169203725,833735.8796448387,14221.45656135276,834775.5538690945,826899.335440185,841092.2609616203,819023.1170112756,847408.968054146,0.434,0.013076696830622032,0.428,0.4265,0.4385,0.425,0.449,0.0,0.0,0.0,0.0,0.0,0.0,0.0,4371736.0,0.0,4371736.0,4371736.0,4371736.0,4371736.0,4371736.0,1.3010391521841378,0.6505195760920689
stratified_workload,100,1,3,2486781,200,2.855036220202843,0.019534917468306823,2.8453077897429466,2.843791745835915,2.861416479339823,2.842275701928884,2.8775251689366996,237.42708333333334,0.3366030229396096,237.6015625,237.3203125,237.62109375,237.0390625,237.640625,14646.333333333334,87.32315462312005,14615.0,14597.0,14680.0,14579.0,14745.0,14173.0,0.0,14173.0,14173.0,14173.0,14173.0,14173.0,66.84615384615385,1.7183313772068218,67.38461538461539,66.15384615384616,67.8076923076923,64.92307692307692,68.23076923076923,0.14912099325968053,0.0020592467181793435,0.1496579621839144,0.1482522094034489,0.15025826157802907,0.14684645662298346,0.15085856097214376,35.02691438669097,0.2387461264567372,35.145582618685445,34.94883393783377,35.1643289515454,34.7520852569821,35.183075284405355,871042.6518544975,5937.093310962108,873993.6709007721,869100.9620876021,874459.8511445302,864208.253274432,874926.0313882884,0.8743333333333334,0.008326663997864539,0.877,0.871,0.879,0.865,0.881,1.0,0.0,1.0,1.0,1.0,1.0,1.0,9955124.0,0.0,9955124.0,9955124.0,9955124.0,9955124.0,9955124.0,1.0,1.0
stratified_workload,100,2,3,2486781,200,2.4016739763319492,0.06124349887694161,2.4006441202946007,2.3707980101462454,2.432035014498979,2.34095189999789,2.463425908703357,320.5234375,0.5341288038493734,320.2734375,320.216796875,320.705078125,320.16015625,321.13671875,28888.333333333332,116.21244913232546,28857.0,28824.0,28937.0,28791.0,29017.0,28348.0,0.0,28348.0,28348.0,28348.0,28348.0,28348.0,47.74242424242424,5.392130272028243,47.45454545454545,44.97727272727273,50.36363636363636,42.5,53.272727272727266,0.2114469790475104,0.009076236120835274,0.21523956942186814,0.20816457538238656,0.21662567789981307,0.20108958134290497,0.21801178637775803,41.65567534894585,1.0618959085115478,41.65548702309456,41.12468031948963,42.18657621547642,40.593873615884704,42.71766540785829,1035885.4199992692,26407.025692642495,1035880.7367477812,1022680.7364958075,1049087.7618769868,1009480.7362438338,1062294.7870061924,0.9003333333333333,0.03493326972004389,0.92,0.89,0.9205000000000001,0.86,0.921,0.0,0.0,0.0,0.0,0.0,0.0,0.0,9955124.0,0.0,9955124.0,9955124.0,9955124.0,9955124.0,9955124.0,1.1852268171234719,0.5926134085617359
stratified_workload,200,1,3,5009275,397,5.7614853115131455,0.1494902292284217,5.7328893737867475,5.6806239928118885,5.828048661351204,5.6283586118370295,5.92320794891566,370.359375,0.19437273913476139,370.3984375,370.2734375,370.46484375,370.1484375,370.53125,14773.0,256.0234364272146,14777.0,14646.0,14902.0,14515.0,15027.0,14267.0,93.01612763386788,14269.0,14221.0,14314.0,14173.0,14359.0,64.04205128205128,1.5254599332298284,63.52,63.183076923076925,64.64,62.84615384615385,65.76,0.30581312719696163,0.003352252073471426,0.3042992200097677,0.3038920342995475,0.3069772665007789,0.30348484858932717,0.30965531299179005,34.72874922172351,0.8949048278441634,34.88642235353199,34.325954592571044,35.21038041678021,33.7654868316101,35.53433848002844,869829.2762882452,22414.12190749529,873778.4166749448,859740.7309585067,881892.3918113336,845703.0452420685,890006.3669477223,1.7753333333333332,0.0442756516985728,1.761,1.7505,1.793,1.74,1.825,3.0,0.0,3.0,3.0,3.0,3.0,3.0,20053100.0,0.0,20053100.0,20053100.0,20053100.0,20053100.0,20053100.0,1.0,1.0
stratified_workload,200,2,3,5009275,397,4.051969495446731,0.028499323614601845,4.0368038709275424,4.035531802102923,4.060824376530945,4.034259733278304,4.084844882134348,453.3450520833333,0.10664372515335037,453.39453125,453.30859375,453.40625,453.22265625,453.41796875,28767.666666666668,83.72176140844944,28755.0,28723.0,28806.0,28691.0,28857.0,28337.333333333332,18.475208614068023,28348.0,28332.0,28348.0,28316.0,28348.0,43.546296296296305,3.7470495938052664,41.66666666666667,41.38888888888889,44.76388888888889,41.111111111111114,47.861111111111114,0.330486814991032,0.036540212689461136,0.32789831536740227,0.31160399777810677,0.3480753823921423,0.2953096801888113,0.3682524494168824,49.36033450554754,0.3457820221337299,49.5441459121584,49.25280671352597,49.55976800087454,48.961467514893535,49.575390089590684,1236297.4481513833,8660.5861946197,1240901.2575706362,1233604.266749489,1241292.534262904,1226307.2759283416,1241683.810955172,1.712,0.0069282032302755165,1.708,1.708,1.714,1.708,1.72,1.0,0.0,1.0,1.0,1.0,1.0,1.0,20053100.0,0.0,20053100.0,20053100.0,20053100.0,20053100.0,20053100.0,1.4201555381657651,0.7100777690828826
stratified_workload,500,1,3,12311926,983,13.817582026900103,0.10148998862430185,13.784696188755333,13.760654538404197,13.858066596323624,13.73661288805306,13.931437003891915,769.5924479166666,0.175665471130202,769.67578125,769.533203125,769.693359375,769.390625,769.7109375,14176.0,0.0,14176.0,14176.0,14176.0,14176.0,14176.0,14175.0,0.0,14175.0,14175.0,14175.0,14175.0,14175.0,58.715374641104006,0.6566991202127983,58.63934426229508,58.36967213114754,59.02306196165601,58.1,59.40677966101695,0.7664692598926677,0.01265070044574782,0.7705573695015343,0.7614186902055522,0.7735638843842165,0.75228001090957,0.7765703992668987,36.18707857046237,0.2649502420688672,36.27210880482573,36.08108045608984,36.33559180201657,35.89005210735396,36.39907479920742,891065.2670314369,6524.0955480679795,893159.0389379256,888455.1851508488,894722.2348652694,883751.331363772,896285.4307926133,4.313,0.1424535011854747,4.356,4.255,4.3925,4.154,4.429,8.0,0.0,8.0,8.0,8.0,8.0,8.0,49287704.0,0.0,49287704.0,49287704.0,49287704.0,49287704.0,49287704.0,1.0,1.0
stratified_workload,500,2,3,12311926,983,9.429378132801503,0.3938310956846546,9.579563109204173,9.281057296320796,9.652791457483545,8.982551483437419,9.726019805762917,852.7591145833334,0.19942289377073996,852.76953125,852.662109375,852.861328125,852.5546875,852.953125,28352.0,0.0,28352.0,28352.0,28352.0,28352.0,28352.0,28350.0,0.0,28350.0,28350.0,28350.0,28350.0,28350.0,43.26800976800977,3.0047317479791706,44.42307692307692,42.14010989010989,44.973443223443226,39.85714285714286,45.523809523809526,0.9188913471576025,0.02103883200578947,0.9142928193770199,0.9074124774761056,0.9280709529488079,0.9005321355751915,0.941849086520596,53.08880320119645,2.2640936597675947,52.19444710579685,51.801468968054635,53.92895938663847,51.40849083031243,55.66347166748009,1307250.8328833878,55750.70719225562,1285228.34075497,1275551.7052519703,1327938.7144505964,1265875.0697489704,1370649.088146223,4.098333333333334,0.3703489345648687,4.21,3.9475,4.305,3.685,4.4,4.0,0.0,4.0,4.0,4.0,4.0,4.0,49287704.0,0.0,49287704.0,49287704.0,49287704.0,49287704.0,49287704.0,1.4389691921869392,0.7194845960934696
stratified_workload,2000,1,3,48131436,3694,58.834738198046885,10.553579387578187,53.23454027902335,52.748102131532505,62.121275305049494,52.26166398404166,71.00801033107564,2594.3190104166665,0.07045702738785772,2594.32421875,2594.28515625,2594.35546875,2594.24609375,2594.38671875,14178.0,0.0,14178.0,14178.0,14178.0,14178.0,14178.0,14177.0,0.0,14177.0,14177.0,14177.0,14177.0,14177.0,55.44026077764545,9.181746885236164,59.70044052863436,52.30136032946376,60.709251101321584,44.90228013029316,61.71806167400881,2.8753180172910775,0.07988214055590483,2.897351605519196,2.842041600560561,2.919611228135654,2.7867315956019256,2.9418708507521116,34.668132723273885,5.642000990262882,37.569592777869524,32.86771457432665,37.91928089951894,28.165836370783772,38.26896902116835,834313.5057048813,135778.8047873873,904139.2251670447,790985.1502502351,912554.7208906091,677831.0753334257,920970.2166141735,16.36,0.7162953301537012,16.598,16.0765,16.7625,15.555,16.927,33.0,1.0,33.0,32.5,33.5,32.0,34.0,192685744.0,0.0,192685744.0,192685744.0,192685744.0,192685744.0,192685744.0,1.0,1.0
stratified_workload,2000,2,3,48131436,3694,42.299359818299614,11.98437514347659,35.604261002969,35.381374342832714,45.8697958861012,35.15848768269643,56.135330769233406,2678.4401041666665,0.37590088185819787,2678.59375,2678.302734375,2678.654296875,2678.01171875,2678.71484375,28356.0,0.0,28356.0,28356.0,28356.0,28356.0,28356.0,28354.0,0.0,28354.0,28354.0,28354.0,28354.0,28354.0,39.441318778973574,9.817124974041256,44.02960526315789,36.099886665192386,45.07689413484692,28.17016806722689,46.124183006535944,3.518699374659916,0.2234013901642108,3.402181786114218,3.389913166671293,3.58922678837569,3.3776445472283685,3.7762717906371623,49.56216864172591,12.072436347889797,56.17305186683196,45.90061888159683,56.529160014408006,35.62818589636169,56.88526816198406,1192749.1740002185,290531.84872126573,1351844.8254265515,1104631.3500299845,1360414.823683619,857417.8746334177,1368984.8219406866,16.647000000000002,0.24840893703729747,16.748,16.556,16.7885,16.364,16.829,16.0,0.0,16.0,16.0,16.0,16.0,16.0,192685744.0,0.0,192685744.0,192685744.0,192685744.0,192685744.0,192685744.0,1.4951732961002668,0.7475866480501334
stratified_workload,10000,1,3,241556038,13877,247.94618684255207,13.489633234670523,244.34919844707474,240.4844238262158,253.6094556611497,236.61964920535684,262.86971287522465,9506.743489583334,0.12707826364546312,9506.75,9506.681640625,9506.80859375,9506.61328125,9506.8671875,14206.0,0.0,14206.0,14206.0,14206.0,14206.0,14206.0,14205.0,0.0,14205.0,14205.0,14205.0,14205.0,14205.0,64.97332642346493,3.65467692735256,66.05268199233717,63.47660742600873,67.00972320535725,60.90053285968028,67.96676441837732,12.889371686503333,0.025061533971557973,12.876867935264926,12.874945055808631,12.897546441578834,12.873022176352336,12.918224947892742,40.40953774581775,2.156837753806676,40.9250370517011,39.48334806650338,41.5934770780738,38.04165908130565,42.261917104446496,976116.7835291186,52099.718241835995,988568.980521212,953744.1125919516,1004715.5529623324,918919.2446626914,1020862.1254034528,60.293,0.6016277919112459,60.207,59.973,60.57,59.739,60.933,168.33333333333334,1.5275252316519465,168.0,167.5,169.0,167.0,170.0,967024152.0,0.0,967024152.0,967024152.0,967024152.0,967024152.0,967024152.0,1.0,1.0
stratified_workload,10000,2,3,241556038,13877,168.52688585873693,50.94621770489887,153.46718750614673,140.1376784760505,189.38624406512827,126.80816944595426,225.3053006241098,9589.489583333334,0.133576235450335,9589.5546875,9589.4453125,9589.56640625,9589.3359375,9589.578125,28412.0,0.0,28412.0,28412.0,28412.0,28412.0,28412.0,28410.0,0.0,28410.0,28410.0,28410.0,28410.0,28410.0,50.6319073838391,14.143765496425805,51.8563829787234,43.88604788894547,57.990004676174884,35.91571279916754,64.12362637362637,13.730318108253124,0.4900587323480952,13.489568829641524,13.448383522671975,13.891878054528476,13.407198215702424,14.294187279415427,62.80133370181823,17.35818523892296,65.16050865661089,54.77236426158126,72.00989061945153,44.384219866551625,78.85927258229216,1517004.1350127084,419297.4453184315,1573991.4305155629,1323059.5302920365,1739442.3874848075,1072127.6300685098,1904893.3444540524,47.57266666666667,21.594537326215935,58.669,40.677499999999995,60.016,22.686,61.363,85.0,1.0,85.0,84.5,85.5,84.0,86.0,967024152.0,0.0,967024152.0,967024152.0,967024152.0,967024152.0,967024152.0,1.5921918060646545,0.7960959030323272
