pair_count,window_cells,cpu_process_count,gpu_count,cpu_wall_seconds_median,gpu_wall_seconds_median,gpu_speedup_vs_cpu,cpu_window_cells_per_second_median,gpu_window_cells_per_second_median,comparison_boundary
20,487045,1,1,12.975468270946294,0.9253409286029637,14.022365022301615,37535.83222044903,526341.1408110064,"complete launched raw-KL stage from the same packed database, including selected-family loading, inversion, computation, and NPY output"
20,487045,1,2,12.975468270946294,0.8464946979656816,15.328469631445161,37535.83222044903,575366.8642821738,"complete launched raw-KL stage from the same packed database, including selected-family loading, inversion, computation, and NPY output"
50,1091934,1,1,29.048243939876556,1.7018333598971367,17.068794527351557,37590.361822217616,641622.162152233,"complete launched raw-KL stage from the same packed database, including selected-family loading, inversion, computation, and NPY output"
50,1091934,1,2,29.048243939876556,1.3080569920130074,22.20716996067072,37590.361822217616,834775.5538690945,"complete launched raw-KL stage from the same packed database, including selected-family loading, inversion, computation, and NPY output"
100,2486781,1,1,61.56625881884247,2.8453077897429466,21.637820358409993,40391.94597348046,873993.6709007721,"complete launched raw-KL stage from the same packed database, including selected-family loading, inversion, computation, and NPY output"
100,2486781,1,2,61.56625881884247,2.4006441202946007,25.645724952887736,40391.94597348046,1035880.7367477812,"complete launched raw-KL stage from the same packed database, including selected-family loading, inversion, computation, and NPY output"
200,5009275,1,1,128.3294311617501,5.7328893737867475,22.384773679486617,39034.4985920351,873778.4166749448,"complete launched raw-KL stage from the same packed database, including selected-family loading, inversion, computation, and NPY output"
200,5009275,1,2,128.3294311617501,4.0368038709275424,31.78986031151017,39034.4985920351,1240901.2575706362,"complete launched raw-KL stage from the same packed database, including selected-family loading, inversion, computation, and NPY output"
500,12311926,1,1,325.19326124014333,13.784696188755333,23.590890708597193,37860.33558336282,893159.0389379256,"complete launched raw-KL stage from the same packed database, including selected-family loading, inversion, computation, and NPY output"
500,12311926,1,2,325.19326124014333,9.579563109204173,33.94656494592047,37860.33558336282,1285228.34075497,"complete launched raw-KL stage from the same packed database, including selected-family loading, inversion, computation, and NPY output"
500,12311926,2,1,177.078386195004,13.784696188755333,12.84601298209627,69528.11274461097,893159.0389379256,"complete launched raw-KL stage from the same packed database, including selected-family loading, inversion, computation, and NPY output"
500,12311926,2,2,177.078386195004,9.579563109204173,18.485016923670006,69528.11274461097,1285228.34075497,"complete launched raw-KL stage from the same packed database, including selected-family loading, inversion, computation, and NPY output"
500,12311926,4,1,97.11704650893807,13.784696188755333,7.045280155551045,126774.09829248549,893159.0389379256,"complete launched raw-KL stage from the same packed database, including selected-family loading, inversion, computation, and NPY output"
500,12311926,4,2,97.11704650893807,9.579563109204173,10.137941094163962,126774.09829248549,1285228.34075497,"complete launched raw-KL stage from the same packed database, including selected-family loading, inversion, computation, and NPY output"
500,12311926,8,1,54.16906577302143,13.784696188755333,3.9296524951495893,227287.0285706843,893159.0389379256,"complete launched raw-KL stage from the same packed database, including selected-family loading, inversion, computation, and NPY output"
500,12311926,8,2,54.16906577302143,9.579563109204173,5.6546488765207945,227287.0285706843,1285228.34075497,"complete launched raw-KL stage from the same packed database, including selected-family loading, inversion, computation, and NPY output"
500,12311926,16,1,32.441402160096914,13.784696188755333,2.3534361378642874,379512.75777912367,893159.0389379256,"complete launched raw-KL stage from the same packed database, including selected-family loading, inversion, computation, and NPY output"
500,12311926,16,2,32.441402160096914,9.579563109204173,3.386522098166124,379512.75777912367,1285228.34075497,"complete launched raw-KL stage from the same packed database, including selected-family loading, inversion, computation, and NPY output"
