i,j,nfrag_i,nfrag_j,window_cells,workload_stratum,sample_rank
11296,21734,32,89,2848,Q1,1
12414,14654,83,108,8964,Q2,2
5766,24697,83,135,11205,Q3,3
2573,14619,206,104,21424,Q4,4
19079,24686,322,243,78246,Q5,5
22601,23593,21,93,1953,Q1,6
7887,24167,104,92,9568,Q2,7
18891,23289,58,254,14732,Q3,8
8424,15632,101,188,18988,Q4,9
10028,14722,151,675,101925,Q5,10
19002,21855,110,40,4400,Q1,11
15251,15802,52,124,6448,Q2,12
11246,15425,81,210,17010,Q3,13
3451,13473,174,120,20880,Q4,14
14590,25304,264,165,43560,Q5,15
15530,19209,25,201,5025,Q1,16
11501,13513,148,46,6808,Q2,17
3949,8550,71,193,13703,Q3,18
14989,23196,78,420,32760,Q4,19
941,9218,469,142,66598,Q5,20
8554,13983,19,130,2470,Q1,21
10741,11531,87,88,7656,Q2,22
22379,25152,140,108,15120,Q3,23
15686,20148,215,147,31605,Q4,24
3370,10403,237,227,53799,Q5,25
7072,13973,29,116,3364,Q1,26
9126,18023,92,99,9108,Q2,27
6124,17846,132,104,13728,Q3,28
17126,19640,154,171,26334,Q4,29
14453,21640,657,91,59787,Q5,30
9152,16188,58,47,2726,Q1,31
16789,17052,73,114,8322,Q2,32
2473,6695,101,154,15554,Q3,33
8709,15561,124,147,18228,Q4,34
3963,19794,401,84,33684,Q5,35
20665,25456,102,44,4488,Q1,36
4457,25053,91,85,7735,Q2,37
4766,5636,46,304,13984,Q3,38
16202,23023,149,193,28757,Q4,39
5967,24044,345,154,53130,Q5,40
6203,7534,30,54,1620,Q1,41
21861,25449,76,137,10412,Q2,42
9822,14661,113,103,11639,Q3,43
15283,23778,86,234,20124,Q4,44
7273,24369,169,311,52559,Q5,45
14880,19371,50,46,2300,Q1,46
17829,22526,74,90,6660,Q2,47
3500,3505,93,137,12741,Q3,48
11790,19607,150,168,25200,Q4,49
9777,18784,359,145,52055,Q5,50
12847,19562,112,45,5040,Q1,51
5320,19227,78,117,9126,Q2,52
4262,19594,134,113,15142,Q3,53
1114,9534,70,281,19670,Q4,54
5549,19109,56,1049,58744,Q5,55
408,4906,88,67,5896,Q1,56
1698,25454,93,112,10416,Q2,57
3691,24381,128,121,15488,Q3,58
1389,14374,145,144,20880,Q4,59
2114,15418,305,156,47580,Q5,60
594,24449,80,72,5760,Q1,61
1682,8198,151,71,10721,Q2,62
3447,16806,142,111,15762,Q3,63
7163,24813,351,86,30186,Q4,64
16269,19705,129,474,61146,Q5,65
6640,13804,76,55,4180,Q1,66
13971,21071,162,52,8424,Q2,67
9972,15395,70,242,16940,Q3,68
11714,21653,195,116,22620,Q4,69
15228,23925,164,544,89216,Q5,70
16963,20476,24,118,2832,Q1,71
6779,22938,145,66,9570,Q2,72
9954,15001,67,193,12931,Q3,73
10305,24428,64,310,19840,Q4,74
7530,13615,697,381,265557,Q5,75
11040,11210,61,56,3416,Q1,76
4456,12419,80,88,7040,Q2,77
11204,13703,168,94,15792,Q3,78
4047,22697,73,273,19929,Q4,79
11631,24276,503,105,52815,Q5,80
10549,24295,34,35,1190,Q1,81
6197,12968,67,134,8978,Q2,82
10854,21064,236,56,13216,Q3,83
14674,21103,134,139,18626,Q4,84
18958,20988,179,270,48330,Q5,85
19825,23775,92,58,5336,Q1,86
1073,16050,140,72,10080,Q2,87
24337,24599,33,373,12309,Q3,88
4583,21189,281,75,21075,Q4,89
2486,14635,804,169,135876,Q5,90
19036,22163,65,44,2860,Q1,91
18550,21240,123,72,8856,Q2,92
7904,15114,102,133,13566,Q3,93
5884,17206,252,85,21420,Q4,94
5686,14770,238,189,44982,Q5,95
618,22546,37,90,3330,Q1,96
13214,19075,50,126,6300,Q2,97
423,7485,79,138,10902,Q3,98
15591,18103,115,284,32660,Q4,99
9067,11145,332,278,92296,Q5,100
4954,16481,57,90,5130,Q1,101
22187,24705,140,45,6300,Q2,102
17196,22724,60,199,11940,Q3,103
1413,11130,185,162,29970,Q4,104
937,11740,435,196,85260,Q5,105
8337,16031,53,94,4982,Q1,106
1307,5517,127,59,7493,Q2,107
3403,23515,169,79,13351,Q3,108
4603,5827,152,215,32680,Q4,109
12035,15914,237,537,127269,Q5,110
747,6268,25,105,2625,Q1,111
9788,17728,147,71,10437,Q2,112
19103,23631,93,131,12183,Q3,113
13712,22349,202,97,19594,Q4,114
7143,20718,739,83,61337,Q5,115
220,22572,58,49,2842,Q1,116
12604,22933,139,57,7923,Q2,117
5486,25199,125,131,16375,Q3,118
21463,25040,273,86,23478,Q4,119
4361,25256,186,186,34596,Q5,120
49,13561,44,88,3872,Q1,121
17465,19626,50,201,10050,Q2,122
14234,23419,46,241,11086,Q3,123
2081,14875,241,85,20485,Q4,124
4599,6551,145,309,44805,Q5,125
11167,20335,64,37,2368,Q1,126
10235,12267,129,60,7740,Q2,127
13831,22083,231,75,17325,Q3,128
5883,23443,248,125,31000,Q4,129
8810,10294,361,118,42598,Q5,130
12613,20048,62,38,2356,Q1,131
5801,10358,91,92,8372,Q2,132
12604,23042,139,83,11537,Q3,133
12426,24732,56,344,19264,Q4,134
19565,22941,237,172,40764,Q5,135
15703,17200,81,34,2754,Q1,136
16728,19665,94,71,6674,Q2,137
9949,19871,62,262,16244,Q3,138
5976,6026,138,210,28980,Q4,139
3585,8192,228,308,70224,Q5,140
11449,15272,69,58,4002,Q1,141
11430,17428,102,105,10710,Q2,142
2586,22761,153,102,15606,Q3,143
5231,7568,137,153,20961,Q4,144
2114,18985,305,219,66795,Q5,145
12996,17461,58,83,4814,Q1,146
10063,17144,169,49,8281,Q2,147
11599,15868,142,100,14200,Q3,148
6925,12270,75,286,21450,Q4,149
14164,17991,190,408,77520,Q5,150
6884,24875,111,20,2220,Q1,151
2745,18187,54,193,10422,Q2,152
9389,16205,79,220,17380,Q3,153
6890,13984,180,173,31140,Q4,154
16685,19495,345,515,177675,Q5,155
26,20107,84,19,1596,Q1,156
6698,19036,142,65,9230,Q2,157
2914,23477,96,135,12960,Q3,158
9620,24471,137,218,29866,Q4,159
4911,11012,181,236,42716,Q5,160
6877,14346,25,208,5200,Q1,161
3122,25185,162,42,6804,Q2,162
17264,19656,81,146,11826,Q3,163
12984,14260,135,175,23625,Q4,164
5515,8303,519,167,86673,Q5,165
12760,23766,16,62,992,Q1,166
17535,25446,129,80,10320,Q2,167
18683,24194,140,123,17220,Q3,168
17570,24996,140,158,22120,Q4,169
19388,22648,135,355,47925,Q5,170
520,21342,62,73,4526,Q1,171
17239,23669,75,92,6900,Q2,172
8650,21592,78,153,11934,Q3,173
17069,17504,211,100,21100,Q4,174
18236,25358,206,213,43878,Q5,175
5386,11233,105,28,2940,Q1,176
14547,22112,73,85,6205,Q2,177
3502,15737,250,66,16500,Q3,178
9129,23978,68,419,28492,Q4,179
1259,22263,323,349,112727,Q5,180
11694,13100,64,63,4032,Q1,181
12805,17955,84,94,7896,Q2,182
15249,16292,334,39,13026,Q3,183
2251,16756,465,67,31155,Q4,184
11919,14974,272,269,73168,Q5,185
5569,24782,57,32,1824,Q1,186
1908,15595,51,141,7191,Q2,187
11028,20394,104,140,14560,Q3,188
4604,13854,163,153,24939,Q4,189
13706,19641,218,380,82840,Q5,190
6828,18984,70,80,5600,Q1,191
3483,11435,52,209,10868,Q2,192
2073,4751,212,74,15688,Q3,193
15734,24912,120,261,31320,Q4,194
210,7666,220,547,120340,Q5,195
16531,18843,104,54,5616,Q1,196
4692,10691,70,147,10290,Q2,197
7935,25045,129,108,13932,Q3,198
8043,14372,325,81,26325,Q4,199
3566,12176,390,103,40170,Q5,200
