run_id,run_type,stage,repeat,pair_count,window_cells,unique_families,gpu_count,gpu_device_ids,status,returncode,timed_out,wall_seconds,peak_cpu_rss_mib,sampled_process_tree_peak_cpu_rss_mib,gnu_time_peak_cpu_rss_mib,resource_wrapper_peak_cpu_rss_mib,resource_wrapper_usage,cpu_memory_measurement_mode,gpu_monitor_available,gpu_peak_memory_used_mib_sum,gpu_peak_incremental_memory_mib_sum,gpu_mean_utilization_percent,gpu_mean_power_draw_w_sum,gpu_energy_wh_estimate,gpu_per_device,monitor_interval_seconds,resource_sample_count,stdout_log,stderr_log,resource_samples_csv,gnu_time_verbose,resource_wrapper_json,cpp_cpu_matrix_inversion_seconds,cpp_reported_average_pairs_per_second,cpp_reported_pairs_completed,validation_status,validation_errors,execution_order,sample_kind,pair_list,packed_db,cpp_executable,num_streams,memory_efficient,matrix_output_file_count,matrix_output_bytes,stage_output_file_count,stage_output_bytes,external_pairs_per_second,external_window_cells_per_second,cpp_manifest,cpp_reported_computation_seconds,completed_at_local_time,cleanup,benchmark_profile,path_summary_json,path_filtered_pk_files,clean_paths,unclean_paths,gap_paths,path_failed_files,path_target_error_count,filter_summary_json,filter_selected_matrix_files,filter_ok_pairs,filter_failed_pairs,filter_skipped_pairs,filter_query_output_files,filter_total_input_points,filter_total_raw_pass_points,filter_total_second_pass_points,rescore_summary_json,rescore_input_rows,rescore_parse_failures,coverage_records_loaded,coverage_records_missing_or_failed,rows_after_coverage_filter,final_path_count,final_paths_csv,cpu_mode,raw_kl_only,normalization_included,cpu_batch_summary,cpu_internal_matrix_compute_seconds,cpu_internal_matrix_inversion_seconds,cpu_internal_numba_warmup_seconds,comparison_scope,normalization_or_downstream_filtering_included,raw_value_definition,cpu_dir,gpu_dir,rtol,atol,planned_pair_count,shape_matched_pair_count,allclose_pair_count,allclose_pair_fraction,total_compared_cells,total_mismatch_cells,pooled_mismatch_fraction,maximum_pair_absolute_error,pooled_mean_absolute_error,pooled_rmse,pooled_pearson_r,blocking_errors,pair_comparison_csv,interpretation,numerical_acceptance_passed,configured_max_mismatch_fraction,configured_min_pearson_r
core_fullfamilies_p12773_g2_r01,core,cpp_kl,1,12773,306775980,25545,2,"[0, 1]",completed,0.0,False,324.36580219864845,17462.58203125,17461.9296875,17462.58203125,,{},process_tree_sampling_with_gnu_time_fallback,True,28412.0,28410.0,31.624463519313302,209.6741773962804,18.891981319857283,"{""0"": {""baseline_memory_used_mib"": 1.0, ""mean_gpu_utilization_percent"": 31.738197424892704, ""mean_memory_utilization_percent"": 15.180972818311874, ""mean_power_draw_w"": 104.23713876967095, ""peak_gpu_utilization_percent"": 100.0, ""peak_incremental_memory_mib"": 14205.0, ""peak_memory_used_mib"": 14206.0, ""peak_power_draw_w"": 266.04}, ""1"": {""baseline_memory_used_mib"": 1.0, ""mean_gpu_utilization_percent"": 31.510729613733904, ""mean_memory_utilization_percent"": 14.782546494992847, ""mean_power_draw_w"": 105.43703862660945, ""peak_gpu_utilization_percent"": 100.0, ""peak_incremental_memory_mib"": 14205.0, ""peak_memory_used_mib"": 14206.0, ""peak_power_draw_w"": 259.78}}",0.2,1398.0,${BENCHMARK_OUTPUT_ROOT}/runs/core/core_fullfamilies_p12773_g2_r01/monitor_cpp_kl/stdout.log,${BENCHMARK_OUTPUT_ROOT}/runs/core/core_fullfamilies_p12773_g2_r01/monitor_cpp_kl/stderr.log,${BENCHMARK_OUTPUT_ROOT}/runs/core/core_fullfamilies_p12773_g2_r01/monitor_cpp_kl/resource_samples.csv,${BENCHMARK_OUTPUT_ROOT}/runs/core/core_fullfamilies_p12773_g2_r01/monitor_cpp_kl/gnu_time_verbose.txt,,113.502,119.374,12773.0,passed,[],16.0,full_family_coverage,${BENCHMARK_OUTPUT_ROOT}/design/pair_lists/pairs_full_family_coverage.csv,${PACKED_DB},${PRODIVE_BINARY},8.0,True,12773.0,1228125760.0,12776.0,1228268994.0,39.378380561146656,945771.6501572627,${BENCHMARK_OUTPUT_ROOT}/runs/core/core_fullfamilies_p12773_g2_r01/cpp_output/prodive_run_manifest.json,107.0,2026-07-13 11:35:10 +0800,"{""removed_bytes"": 1228125760, ""removed_file_count"": 12773}",,,,,,,,,,,,,,,,,,,,,,,,,,,,,,,,,,,,,,,,,,,,,,,,,,,,,,,,
core_p10000_g1_r01,core,cpp_kl,1,10000,241556038,13877,1,[0],completed,0.0,False,244.34919844707474,9506.61328125,9506.3515625,9506.61328125,,{},process_tree_sampling_with_gnu_time_fallback,True,14206.0,14205.0,66.05268199233717,189.71506704980843,12.876867935264926,"{""0"": {""baseline_memory_used_mib"": 1.0, ""mean_gpu_utilization_percent"": 66.05268199233717, ""mean_memory_utilization_percent"": 31.378352490421456, ""mean_power_draw_w"": 189.71506704980843, ""peak_gpu_utilization_percent"": 100.0, ""peak_incremental_memory_mib"": 14205.0, ""peak_memory_used_mib"": 14206.0, ""peak_power_draw_w"": 261.66}}",0.2,1044.0,${BENCHMARK_OUTPUT_ROOT}/runs/core/core_p10000_g1_r01/monitor_cpp_kl/stdout.log,${BENCHMARK_OUTPUT_ROOT}/runs/core/core_p10000_g1_r01/monitor_cpp_kl/stderr.log,${BENCHMARK_OUTPUT_ROOT}/runs/core/core_p10000_g1_r01/monitor_cpp_kl/resource_samples.csv,${BENCHMARK_OUTPUT_ROOT}/runs/core/core_p10000_g1_r01/monitor_cpp_kl/gnu_time_verbose.txt,,60.933,59.5238,10000.0,passed,[],8.0,stratified_workload,${BENCHMARK_OUTPUT_ROOT}/design/pair_lists/pairs_10000.csv,${PACKED_DB},${PRODIVE_BINARY},8.0,True,10000.0,967024152.0,10003.0,967136544.0,40.9250370517011,988568.980521212,${BENCHMARK_OUTPUT_ROOT}/runs/core/core_p10000_g1_r01/cpp_output/prodive_run_manifest.json,168.0,2026-07-13 11:19:56 +0800,"{""removed_bytes"": 967024152, ""removed_file_count"": 10000}",,,,,,,,,,,,,,,,,,,,,,,,,,,,,,,,,,,,,,,,,,,,,,,,,,,,,,,,
core_p10000_g1_r02,core,cpp_kl,2,10000,241556038,13877,1,[0],completed,0.0,False,262.86971287522465,9506.75,9506.67578125,9506.75,,{},process_tree_sampling_with_gnu_time_fallback,True,14206.0,14205.0,60.90053285968028,176.29600355239785,12.873022176352336,"{""0"": {""baseline_memory_used_mib"": 1.0, ""mean_gpu_utilization_percent"": 60.90053285968028, ""mean_memory_utilization_percent"": 29.086145648312613, ""mean_power_draw_w"": 176.29600355239785, ""peak_gpu_utilization_percent"": 100.0, ""peak_incremental_memory_mib"": 14205.0, ""peak_memory_used_mib"": 14206.0, ""peak_power_draw_w"": 261.73}}",0.2,1126.0,${BENCHMARK_OUTPUT_ROOT}/runs/core/core_p10000_g1_r02/monitor_cpp_kl/stdout.log,${BENCHMARK_OUTPUT_ROOT}/runs/core/core_p10000_g1_r02/monitor_cpp_kl/stderr.log,${BENCHMARK_OUTPUT_ROOT}/runs/core/core_p10000_g1_r02/monitor_cpp_kl/resource_samples.csv,${BENCHMARK_OUTPUT_ROOT}/runs/core/core_p10000_g1_r02/monitor_cpp_kl/gnu_time_verbose.txt,,59.739,59.8802,10000.0,passed,[],18.0,stratified_workload,${BENCHMARK_OUTPUT_ROOT}/design/pair_lists/pairs_10000.csv,${PACKED_DB},${PRODIVE_BINARY},8.0,True,10000.0,967024152.0,10003.0,967136544.0,38.04165908130565,918919.2446626914,${BENCHMARK_OUTPUT_ROOT}/runs/core/core_p10000_g1_r02/cpp_output/prodive_run_manifest.json,167.0,2026-07-13 11:40:31 +0800,"{""removed_bytes"": 967024152, ""removed_file_count"": 10000}",,,,,,,,,,,,,,,,,,,,,,,,,,,,,,,,,,,,,,,,,,,,,,,,,,,,,,,,
core_p10000_g1_r03,core,cpp_kl,3,10000,241556038,13877,1,[0],completed,0.0,False,236.61964920535684,9506.8671875,9506.60546875,9506.8671875,,{},process_tree_sampling_with_gnu_time_fallback,True,14206.0,14205.0,67.96676441837732,196.54162267839686,12.918224947892742,"{""0"": {""baseline_memory_used_mib"": 1.0, ""mean_gpu_utilization_percent"": 67.96676441837732, ""mean_memory_utilization_percent"": 32.40957966764418, ""mean_power_draw_w"": 196.54162267839686, ""peak_gpu_utilization_percent"": 100.0, ""peak_incremental_memory_mib"": 14205.0, ""peak_memory_used_mib"": 14206.0, ""peak_power_draw_w"": 261.03}}",0.2,1023.0,${BENCHMARK_OUTPUT_ROOT}/runs/core/core_p10000_g1_r03/monitor_cpp_kl/stdout.log,${BENCHMARK_OUTPUT_ROOT}/runs/core/core_p10000_g1_r03/monitor_cpp_kl/stderr.log,${BENCHMARK_OUTPUT_ROOT}/runs/core/core_p10000_g1_r03/monitor_cpp_kl/resource_samples.csv,${BENCHMARK_OUTPUT_ROOT}/runs/core/core_p10000_g1_r03/monitor_cpp_kl/gnu_time_verbose.txt,,60.207,58.8235,10000.0,passed,[],13.0,stratified_workload,${BENCHMARK_OUTPUT_ROOT}/design/pair_lists/pairs_10000.csv,${PACKED_DB},${PRODIVE_BINARY},8.0,True,10000.0,967024152.0,10003.0,967136544.0,42.261917104446496,1020862.1254034528,${BENCHMARK_OUTPUT_ROOT}/runs/core/core_p10000_g1_r03/cpp_output/prodive_run_manifest.json,170.0,2026-07-13 11:27:02 +0800,"{""removed_bytes"": 967024152, ""removed_file_count"": 10000}",,,,,,,,,,,,,,,,,,,,,,,,,,,,,,,,,,,,,,,,,,,,,,,,,,,,,,,,
core_p10000_g2_r01,core,cpp_kl,1,10000,241556038,13877,2,"[0, 1]",completed,0.0,False,153.46718750614673,9589.5546875,9589.40625,9589.5546875,,{},process_tree_sampling_with_gnu_time_fallback,True,28412.0,28410.0,51.8563829787234,316.4353799392097,13.489568829641524,"{""0"": {""baseline_memory_used_mib"": 1.0, ""mean_gpu_utilization_percent"": 51.85562310030395, ""mean_memory_utilization_percent"": 24.50607902735562, ""mean_power_draw_w"": 160.80079027355623, ""peak_gpu_utilization_percent"": 99.0, ""peak_incremental_memory_mib"": 14205.0, ""peak_memory_used_mib"": 14206.0, ""peak_power_draw_w"": 264.35}, ""1"": {""baseline_memory_used_mib"": 1.0, ""mean_gpu_utilization_percent"": 51.857142857142854, ""mean_memory_utilization_percent"": 24.509118541033434, ""mean_power_draw_w"": 155.6345896656535, ""peak_gpu_utilization_percent"": 99.0, ""peak_incremental_memory_mib"": 14205.0, ""peak_memory_used_mib"": 14206.0, ""peak_power_draw_w"": 256.15}}",0.2,658.0,${BENCHMARK_OUTPUT_ROOT}/runs/core/core_p10000_g2_r01/monitor_cpp_kl/stdout.log,${BENCHMARK_OUTPUT_ROOT}/runs/core/core_p10000_g2_r01/monitor_cpp_kl/stderr.log,${BENCHMARK_OUTPUT_ROOT}/runs/core/core_p10000_g2_r01/monitor_cpp_kl/resource_samples.csv,${BENCHMARK_OUTPUT_ROOT}/runs/core/core_p10000_g2_r01/monitor_cpp_kl/gnu_time_verbose.txt,,61.363,117.647,10000.0,passed,[],14.0,stratified_workload,${BENCHMARK_OUTPUT_ROOT}/design/pair_lists/pairs_10000.csv,${PACKED_DB},${PRODIVE_BINARY},8.0,True,10000.0,967024152.0,10003.0,967136543.0,65.16050865661089,1573991.4305155629,${BENCHMARK_OUTPUT_ROOT}/runs/core/core_p10000_g2_r01/cpp_output/prodive_run_manifest.json,85.0,2026-07-13 11:29:36 +0800,"{""removed_bytes"": 967024152, ""removed_file_count"": 10000}",,,,,,,,,,,,,,,,,,,,,,,,,,,,,,,,,,,,,,,,,,,,,,,,,,,,,,,,
core_p10000_g2_r02,core,cpp_kl,2,10000,241556038,13877,2,"[0, 1]",completed,0.0,False,126.80816944595426,9589.3359375,9589.234375,9589.3359375,,{},process_tree_sampling_with_gnu_time_fallback,True,28412.0,28410.0,64.12362637362637,380.6214835164835,13.407198215702424,"{""0"": {""baseline_memory_used_mib"": 1.0, ""mean_gpu_utilization_percent"": 64.03846153846153, ""mean_memory_utilization_percent"": 30.842490842490843, ""mean_power_draw_w"": 194.92888278388278, ""peak_gpu_utilization_percent"": 98.0, ""peak_incremental_memory_mib"": 14205.0, ""peak_memory_used_mib"": 14206.0, ""peak_power_draw_w"": 266.39}, ""1"": {""baseline_memory_used_mib"": 1.0, ""mean_gpu_utilization_percent"": 64.20879120879121, ""mean_memory_utilization_percent"": 29.926739926739927, ""mean_power_draw_w"": 185.69260073260074, ""peak_gpu_utilization_percent"": 98.0, ""peak_incremental_memory_mib"": 14205.0, ""peak_memory_used_mib"": 14206.0, ""peak_power_draw_w"": 263.02}}",0.2,546.0,${BENCHMARK_OUTPUT_ROOT}/runs/core/core_p10000_g2_r02/monitor_cpp_kl/stdout.log,${BENCHMARK_OUTPUT_ROOT}/runs/core/core_p10000_g2_r02/monitor_cpp_kl/stderr.log,${BENCHMARK_OUTPUT_ROOT}/runs/core/core_p10000_g2_r02/monitor_cpp_kl/resource_samples.csv,${BENCHMARK_OUTPUT_ROOT}/runs/core/core_p10000_g2_r02/monitor_cpp_kl/gnu_time_verbose.txt,,22.686,116.279,10000.0,passed,[],9.0,stratified_workload,${BENCHMARK_OUTPUT_ROOT}/design/pair_lists/pairs_10000.csv,${PACKED_DB},${PRODIVE_BINARY},8.0,True,10000.0,967024152.0,10003.0,967136543.0,78.85927258229216,1904893.3444540524,${BENCHMARK_OUTPUT_ROOT}/runs/core/core_p10000_g2_r02/cpp_output/prodive_run_manifest.json,86.0,2026-07-13 11:22:04 +0800,"{""removed_bytes"": 967024152, ""removed_file_count"": 10000}",,,,,,,,,,,,,,,,,,,,,,,,,,,,,,,,,,,,,,,,,,,,,,,,,,,,,,,,
core_p10000_g2_r03,core,cpp_kl,3,10000,241556038,13877,2,"[0, 1]",completed,0.0,False,225.3053006241098,9589.578125,9589.44140625,9589.578125,,{},process_tree_sampling_with_gnu_time_fallback,True,28412.0,28410.0,35.91571279916754,228.39708636836627,14.294187279415427,"{""0"": {""baseline_memory_used_mib"": 1.0, ""mean_gpu_utilization_percent"": 35.99375650364204, ""mean_memory_utilization_percent"": 17.215400624349634, ""mean_power_draw_w"": 115.06215400624349, ""peak_gpu_utilization_percent"": 99.0, ""peak_incremental_memory_mib"": 14205.0, ""peak_memory_used_mib"": 14206.0, ""peak_power_draw_w"": 260.55}, ""1"": {""baseline_memory_used_mib"": 1.0, ""mean_gpu_utilization_percent"": 35.83766909469303, ""mean_memory_utilization_percent"": 17.06451612903226, ""mean_power_draw_w"": 113.33493236212279, ""peak_gpu_utilization_percent"": 100.0, ""peak_incremental_memory_mib"": 14205.0, ""peak_memory_used_mib"": 14206.0, ""peak_power_draw_w"": 257.32}}",0.2,961.0,${BENCHMARK_OUTPUT_ROOT}/runs/core/core_p10000_g2_r03/monitor_cpp_kl/stdout.log,${BENCHMARK_OUTPUT_ROOT}/runs/core/core_p10000_g2_r03/monitor_cpp_kl/stderr.log,${BENCHMARK_OUTPUT_ROOT}/runs/core/core_p10000_g2_r03/monitor_cpp_kl/resource_samples.csv,${BENCHMARK_OUTPUT_ROOT}/runs/core/core_p10000_g2_r03/monitor_cpp_kl/gnu_time_verbose.txt,,58.669,119.048,10000.0,passed,[],2.0,stratified_workload,${BENCHMARK_OUTPUT_ROOT}/design/pair_lists/pairs_10000.csv,${PACKED_DB},${PRODIVE_BINARY},8.0,True,10000.0,967024152.0,10003.0,967136543.0,44.384219866551625,1072127.6300685098,${BENCHMARK_OUTPUT_ROOT}/runs/core/core_p10000_g2_r03/cpp_output/prodive_run_manifest.json,84.0,2026-07-13 11:13:44 +0800,"{""removed_bytes"": 967024152, ""removed_file_count"": 10000}",,,,,,,,,,,,,,,,,,,,,,,,,,,,,,,,,,,,,,,,,,,,,,,,,,,,,,,,
core_p100_g1_r01,core,cpp_kl,1,100,2486781,200,1,[0],completed,0.0,False,2.8775251689366996,237.640625,237.453125,237.640625,,{},process_tree_sampling_with_gnu_time_fallback,True,14745.0,14173.0,68.23076923076923,188.73538461538462,0.15085856097214376,"{""0"": {""baseline_memory_used_mib"": 572.0, ""mean_gpu_utilization_percent"": 68.23076923076923, ""mean_memory_utilization_percent"": 30.615384615384617, ""mean_power_draw_w"": 188.73538461538462, ""peak_gpu_utilization_percent"": 100.0, ""peak_incremental_memory_mib"": 14173.0, ""peak_memory_used_mib"": 14745.0, ""peak_power_draw_w"": 245.48}}",0.2,13.0,${BENCHMARK_OUTPUT_ROOT}/runs/core/core_p100_g1_r01/monitor_cpp_kl/stdout.log,${BENCHMARK_OUTPUT_ROOT}/runs/core/core_p100_g1_r01/monitor_cpp_kl/stderr.log,${BENCHMARK_OUTPUT_ROOT}/runs/core/core_p100_g1_r01/monitor_cpp_kl/resource_samples.csv,${BENCHMARK_OUTPUT_ROOT}/runs/core/core_p100_g1_r01/monitor_cpp_kl/gnu_time_verbose.txt,,0.881,100.0,100.0,passed,[],23.0,stratified_workload,${BENCHMARK_OUTPUT_ROOT}/design/pair_lists/pairs_100.csv,${PACKED_DB},${PRODIVE_BINARY},8.0,True,100.0,9955124.0,103.0,9957283.0,34.7520852569821,864208.253274432,${BENCHMARK_OUTPUT_ROOT}/runs/core/core_p100_g1_r01/cpp_output/prodive_run_manifest.json,1.0,2026-07-13 14:17:13 +0800,"{""removed_bytes"": 9955124, ""removed_file_count"": 100}",compare,,,,,,,,,,,,,,,,,,,,,,,,,,,,,,,,,,,,,,,,,,,,,,,,,,,,,,,
core_p100_g1_r02,core,cpp_kl,2,100,2486781,200,1,[0],completed,0.0,False,2.8453077897429466,237.6015625,237.4140625,237.6015625,,{},process_tree_sampling_with_gnu_time_fallback,True,14615.0,14173.0,67.38461538461539,185.79615384615383,0.14684645662298346,"{""0"": {""baseline_memory_used_mib"": 442.0, ""mean_gpu_utilization_percent"": 67.38461538461539, ""mean_memory_utilization_percent"": 28.76923076923077, ""mean_power_draw_w"": 185.79615384615383, ""peak_gpu_utilization_percent"": 98.0, ""peak_incremental_memory_mib"": 14173.0, ""peak_memory_used_mib"": 14615.0, ""peak_power_draw_w"": 244.9}}",0.2,13.0,${BENCHMARK_OUTPUT_ROOT}/runs/core/core_p100_g1_r02/monitor_cpp_kl/stdout.log,${BENCHMARK_OUTPUT_ROOT}/runs/core/core_p100_g1_r02/monitor_cpp_kl/stderr.log,${BENCHMARK_OUTPUT_ROOT}/runs/core/core_p100_g1_r02/monitor_cpp_kl/resource_samples.csv,${BENCHMARK_OUTPUT_ROOT}/runs/core/core_p100_g1_r02/monitor_cpp_kl/gnu_time_verbose.txt,,0.865,100.0,100.0,passed,[],10.0,stratified_workload,${BENCHMARK_OUTPUT_ROOT}/design/pair_lists/pairs_100.csv,${PACKED_DB},${PRODIVE_BINARY},8.0,True,100.0,9955124.0,103.0,9957283.0,35.145582618685445,873993.6709007721,${BENCHMARK_OUTPUT_ROOT}/runs/core/core_p100_g1_r02/cpp_output/prodive_run_manifest.json,1.0,2026-07-13 14:16:51 +0800,"{""removed_bytes"": 9955124, ""removed_file_count"": 100}",compare,,,,,,,,,,,,,,,,,,,,,,,,,,,,,,,,,,,,,,,,,,,,,,,,,,,,,,,
core_p100_g1_r03,core,cpp_kl,3,100,2486781,200,1,[0],completed,0.0,False,2.842275701928884,237.0390625,236.9765625,237.0390625,,{},process_tree_sampling_with_gnu_time_fallback,True,14579.0,14173.0,64.92307692307692,189.5553846153846,0.1496579621839144,"{""0"": {""baseline_memory_used_mib"": 406.0, ""mean_gpu_utilization_percent"": 64.92307692307692, ""mean_memory_utilization_percent"": 26.76923076923077, ""mean_power_draw_w"": 189.5553846153846, ""peak_gpu_utilization_percent"": 100.0, ""peak_incremental_memory_mib"": 14173.0, ""peak_memory_used_mib"": 14579.0, ""peak_power_draw_w"": 244.28}}",0.2,13.0,${BENCHMARK_OUTPUT_ROOT}/runs/core/core_p100_g1_r03/monitor_cpp_kl/stdout.log,${BENCHMARK_OUTPUT_ROOT}/runs/core/core_p100_g1_r03/monitor_cpp_kl/stderr.log,${BENCHMARK_OUTPUT_ROOT}/runs/core/core_p100_g1_r03/monitor_cpp_kl/resource_samples.csv,${BENCHMARK_OUTPUT_ROOT}/runs/core/core_p100_g1_r03/monitor_cpp_kl/gnu_time_verbose.txt,,0.877,100.0,100.0,passed,[],7.0,stratified_workload,${BENCHMARK_OUTPUT_ROOT}/design/pair_lists/pairs_100.csv,${PACKED_DB},${PRODIVE_BINARY},8.0,True,100.0,9955124.0,103.0,9957283.0,35.183075284405355,874926.0313882884,${BENCHMARK_OUTPUT_ROOT}/runs/core/core_p100_g1_r03/cpp_output/prodive_run_manifest.json,1.0,2026-07-13 14:16:46 +0800,"{""removed_bytes"": 9955124, ""removed_file_count"": 100}",compare,,,,,,,,,,,,,,,,,,,,,,,,,,,,,,,,,,,,,,,,,,,,,,,,,,,,,,,
core_p100_g2_r01,core,cpp_kl,1,100,2486781,200,2,"[0, 1]",completed,0.0,False,2.34095189999789,321.13671875,321.07421875,321.13671875,,{},process_tree_sampling_with_gnu_time_fallback,True,29017.0,28348.0,53.272727272727266,335.2663636363636,0.21801178637775803,"{""0"": {""baseline_memory_used_mib"": 668.0, ""mean_gpu_utilization_percent"": 55.90909090909091, ""mean_memory_utilization_percent"": 19.818181818181817, ""mean_power_draw_w"": 171.7790909090909, ""peak_gpu_utilization_percent"": 98.0, ""peak_incremental_memory_mib"": 14173.0, ""peak_memory_used_mib"": 14841.0, ""peak_power_draw_w"": 232.52}, ""1"": {""baseline_memory_used_mib"": 1.0, ""mean_gpu_utilization_percent"": 50.63636363636363, ""mean_memory_utilization_percent"": 17.727272727272727, ""mean_power_draw_w"": 163.48727272727274, ""peak_gpu_utilization_percent"": 100.0, ""peak_incremental_memory_mib"": 14175.0, ""peak_memory_used_mib"": 14176.0, ""peak_power_draw_w"": 207.93}}",0.2,11.0,${BENCHMARK_OUTPUT_ROOT}/runs/core/core_p100_g2_r01/monitor_cpp_kl/stdout.log,${BENCHMARK_OUTPUT_ROOT}/runs/core/core_p100_g2_r01/monitor_cpp_kl/stderr.log,${BENCHMARK_OUTPUT_ROOT}/runs/core/core_p100_g2_r01/monitor_cpp_kl/resource_samples.csv,${BENCHMARK_OUTPUT_ROOT}/runs/core/core_p100_g2_r01/monitor_cpp_kl/gnu_time_verbose.txt,,0.86,,100.0,passed,[],27.0,stratified_workload,${BENCHMARK_OUTPUT_ROOT}/design/pair_lists/pairs_100.csv,${PACKED_DB},${PRODIVE_BINARY},8.0,True,100.0,9955124.0,103.0,9957283.0,42.71766540785829,1062294.7870061924,${BENCHMARK_OUTPUT_ROOT}/runs/core/core_p100_g2_r01/cpp_output/prodive_run_manifest.json,0.0,2026-07-13 14:17:17 +0800,"{""removed_bytes"": 9955124, ""removed_file_count"": 100}",compare,,,,,,,,,,,,,,,,,,,,,,,,,,,,,,,,,,,,,,,,,,,,,,,,,,,,,,,
core_p100_g2_r02,core,cpp_kl,2,100,2486781,200,2,"[0, 1]",completed,0.0,False,2.4006441202946007,320.16015625,320.09765625,320.16015625,,{},process_tree_sampling_with_gnu_time_fallback,True,28857.0,28348.0,47.45454545454545,322.77272727272725,0.21523956942186814,"{""0"": {""baseline_memory_used_mib"": 508.0, ""mean_gpu_utilization_percent"": 44.09090909090909, ""mean_memory_utilization_percent"": 18.272727272727273, ""mean_power_draw_w"": 163.80545454545452, ""peak_gpu_utilization_percent"": 100.0, ""peak_incremental_memory_mib"": 14173.0, ""peak_memory_used_mib"": 14681.0, ""peak_power_draw_w"": 228.98}, ""1"": {""baseline_memory_used_mib"": 1.0, ""mean_gpu_utilization_percent"": 50.81818181818182, ""mean_memory_utilization_percent"": 16.181818181818183, ""mean_power_draw_w"": 158.96727272727273, ""peak_gpu_utilization_percent"": 95.0, ""peak_incremental_memory_mib"": 14175.0, ""peak_memory_used_mib"": 14176.0, ""peak_power_draw_w"": 215.85}}",0.2,11.0,${BENCHMARK_OUTPUT_ROOT}/runs/core/core_p100_g2_r02/monitor_cpp_kl/stdout.log,${BENCHMARK_OUTPUT_ROOT}/runs/core/core_p100_g2_r02/monitor_cpp_kl/stderr.log,${BENCHMARK_OUTPUT_ROOT}/runs/core/core_p100_g2_r02/monitor_cpp_kl/resource_samples.csv,${BENCHMARK_OUTPUT_ROOT}/runs/core/core_p100_g2_r02/monitor_cpp_kl/gnu_time_verbose.txt,,0.921,,100.0,passed,[],19.0,stratified_workload,${BENCHMARK_OUTPUT_ROOT}/design/pair_lists/pairs_100.csv,${PACKED_DB},${PRODIVE_BINARY},8.0,True,100.0,9955124.0,103.0,9957283.0,41.65548702309456,1035880.7367477812,${BENCHMARK_OUTPUT_ROOT}/runs/core/core_p100_g2_r02/cpp_output/prodive_run_manifest.json,0.0,2026-07-13 14:17:03 +0800,"{""removed_bytes"": 9955124, ""removed_file_count"": 100}",compare,,,,,,,,,,,,,,,,,,,,,,,,,,,,,,,,,,,,,,,,,,,,,,,,,,,,,,,
core_p100_g2_r03,core,cpp_kl,3,100,2486781,200,2,"[0, 1]",completed,0.0,False,2.463425908703357,320.2734375,320.2109375,320.2734375,,{},process_tree_sampling_with_gnu_time_fallback,True,28791.0,28348.0,42.5,293.8681818181818,0.20108958134290497,"{""0"": {""baseline_memory_used_mib"": 442.0, ""mean_gpu_utilization_percent"": 46.63636363636363, ""mean_memory_utilization_percent"": 13.363636363636363, ""mean_power_draw_w"": 174.56454545454545, ""peak_gpu_utilization_percent"": 97.0, ""peak_incremental_memory_mib"": 14173.0, ""peak_memory_used_mib"": 14615.0, ""peak_power_draw_w"": 229.65}, ""1"": {""baseline_memory_used_mib"": 1.0, ""mean_gpu_utilization_percent"": 38.36363636363637, ""mean_memory_utilization_percent"": 18.636363636363637, ""mean_power_draw_w"": 119.30363636363636, ""peak_gpu_utilization_percent"": 97.0, ""peak_incremental_memory_mib"": 14175.0, ""peak_memory_used_mib"": 14176.0, ""peak_power_draw_w"": 208.4}}",0.2,11.0,${BENCHMARK_OUTPUT_ROOT}/runs/core/core_p100_g2_r03/monitor_cpp_kl/stdout.log,${BENCHMARK_OUTPUT_ROOT}/runs/core/core_p100_g2_r03/monitor_cpp_kl/stderr.log,${BENCHMARK_OUTPUT_ROOT}/runs/core/core_p100_g2_r03/monitor_cpp_kl/resource_samples.csv,${BENCHMARK_OUTPUT_ROOT}/runs/core/core_p100_g2_r03/monitor_cpp_kl/gnu_time_verbose.txt,,0.92,,100.0,passed,[],11.0,stratified_workload,${BENCHMARK_OUTPUT_ROOT}/design/pair_lists/pairs_100.csv,${PACKED_DB},${PRODIVE_BINARY},8.0,True,100.0,9955124.0,103.0,9957283.0,40.593873615884704,1009480.7362438338,${BENCHMARK_OUTPUT_ROOT}/runs/core/core_p100_g2_r03/cpp_output/prodive_run_manifest.json,0.0,2026-07-13 14:16:53 +0800,"{""removed_bytes"": 9955124, ""removed_file_count"": 100}",compare,,,,,,,,,,,,,,,,,,,,,,,,,,,,,,,,,,,,,,,,,,,,,,,,,,,,,,,
core_p2000_g1_r01,core,cpp_kl,1,2000,48131436,3694,1,[0],completed,0.0,False,71.00801033107564,2594.38671875,2594.38671875,2594.38671875,,{},process_tree_sampling_with_gnu_time_fallback,True,14178.0,14177.0,44.90228013029316,141.2831270358306,2.7867315956019256,"{""0"": {""baseline_memory_used_mib"": 1.0, ""mean_gpu_utilization_percent"": 44.90228013029316, ""mean_memory_utilization_percent"": 22.06840390879479, ""mean_power_draw_w"": 141.2831270358306, ""peak_gpu_utilization_percent"": 98.0, ""peak_incremental_memory_mib"": 14177.0, ""peak_memory_used_mib"": 14178.0, ""peak_power_draw_w"": 251.08}}",0.2,307.0,${BENCHMARK_OUTPUT_ROOT}/runs/core/core_p2000_g1_r01/monitor_cpp_kl/stdout.log,${BENCHMARK_OUTPUT_ROOT}/runs/core/core_p2000_g1_r01/monitor_cpp_kl/stderr.log,${BENCHMARK_OUTPUT_ROOT}/runs/core/core_p2000_g1_r01/monitor_cpp_kl/resource_samples.csv,${BENCHMARK_OUTPUT_ROOT}/runs/core/core_p2000_g1_r01/monitor_cpp_kl/gnu_time_verbose.txt,,16.598,62.5,2000.0,passed,[],1.0,stratified_workload,${BENCHMARK_OUTPUT_ROOT}/design/pair_lists/pairs_2000.csv,${PACKED_DB},${PRODIVE_BINARY},8.0,True,2000.0,192685744.0,2003.0,192709065.0,28.165836370783772,677831.0753334257,${BENCHMARK_OUTPUT_ROOT}/runs/core/core_p2000_g1_r01/cpp_output/prodive_run_manifest.json,32.0,2026-07-13 11:09:58 +0800,"{""removed_bytes"": 192685744, ""removed_file_count"": 2000}",,,,,,,,,,,,,,,,,,,,,,,,,,,,,,,,,,,,,,,,,,,,,,,,,,,,,,,,
core_p2000_g1_r02,core,cpp_kl,2,2000,48131436,3694,1,[0],completed,0.0,False,53.23454027902335,2594.32421875,2594.18359375,2594.32421875,,{},process_tree_sampling_with_gnu_time_fallback,True,14178.0,14177.0,59.70044052863436,198.94480176211454,2.9418708507521116,"{""0"": {""baseline_memory_used_mib"": 1.0, ""mean_gpu_utilization_percent"": 59.70044052863436, ""mean_memory_utilization_percent"": 28.82819383259912, ""mean_power_draw_w"": 198.94480176211454, ""peak_gpu_utilization_percent"": 98.0, ""peak_incremental_memory_mib"": 14177.0, ""peak_memory_used_mib"": 14178.0, ""peak_power_draw_w"": 256.74}}",0.2,227.0,${BENCHMARK_OUTPUT_ROOT}/runs/core/core_p2000_g1_r02/monitor_cpp_kl/stdout.log,${BENCHMARK_OUTPUT_ROOT}/runs/core/core_p2000_g1_r02/monitor_cpp_kl/stderr.log,${BENCHMARK_OUTPUT_ROOT}/runs/core/core_p2000_g1_r02/monitor_cpp_kl/resource_samples.csv,${BENCHMARK_OUTPUT_ROOT}/runs/core/core_p2000_g1_r02/monitor_cpp_kl/gnu_time_verbose.txt,,15.555,58.8235,2000.0,passed,[],4.0,stratified_workload,${BENCHMARK_OUTPUT_ROOT}/design/pair_lists/pairs_2000.csv,${PACKED_DB},${PRODIVE_BINARY},8.0,True,2000.0,192685744.0,2003.0,192709065.0,37.569592777869524,904139.2251670447,${BENCHMARK_OUTPUT_ROOT}/runs/core/core_p2000_g1_r02/cpp_output/prodive_run_manifest.json,34.0,2026-07-13 11:14:52 +0800,"{""removed_bytes"": 192685744, ""removed_file_count"": 2000}",,,,,,,,,,,,,,,,,,,,,,,,,,,,,,,,,,,,,,,,,,,,,,,,,,,,,,,,
core_p2000_g1_r03,core,cpp_kl,3,2000,48131436,3694,1,[0],completed,0.0,False,52.26166398404166,2594.24609375,2594.1796875,2594.24609375,,{},process_tree_sampling_with_gnu_time_fallback,True,14178.0,14177.0,61.71806167400881,199.5815859030837,2.897351605519196,"{""0"": {""baseline_memory_used_mib"": 1.0, ""mean_gpu_utilization_percent"": 61.71806167400881, ""mean_memory_utilization_percent"": 29.819383259911895, ""mean_power_draw_w"": 199.5815859030837, ""peak_gpu_utilization_percent"": 98.0, ""peak_incremental_memory_mib"": 14177.0, ""peak_memory_used_mib"": 14178.0, ""peak_power_draw_w"": 256.77}}",0.2,227.0,${BENCHMARK_OUTPUT_ROOT}/runs/core/core_p2000_g1_r03/monitor_cpp_kl/stdout.log,${BENCHMARK_OUTPUT_ROOT}/runs/core/core_p2000_g1_r03/monitor_cpp_kl/stderr.log,${BENCHMARK_OUTPUT_ROOT}/runs/core/core_p2000_g1_r03/monitor_cpp_kl/resource_samples.csv,${BENCHMARK_OUTPUT_ROOT}/runs/core/core_p2000_g1_r03/monitor_cpp_kl/gnu_time_verbose.txt,,16.927,60.6061,2000.0,passed,[],19.0,stratified_workload,${BENCHMARK_OUTPUT_ROOT}/design/pair_lists/pairs_2000.csv,${PACKED_DB},${PRODIVE_BINARY},8.0,True,2000.0,192685744.0,2003.0,192709065.0,38.26896902116835,920970.2166141735,${BENCHMARK_OUTPUT_ROOT}/runs/core/core_p2000_g1_r03/cpp_output/prodive_run_manifest.json,33.0,2026-07-13 11:41:24 +0800,"{""removed_bytes"": 192685744, ""removed_file_count"": 2000}",,,,,,,,,,,,,,,,,,,,,,,,,,,,,,,,,,,,,,,,,,,,,,,,,,,,,,,,
core_p2000_g2_r01,core,cpp_kl,1,2000,48131436,3694,2,"[0, 1]",completed,0.0,False,35.15848768269643,2678.01171875,2677.734375,2678.01171875,,{},process_tree_sampling_with_gnu_time_fallback,True,28356.0,28354.0,46.124183006535944,348.3612418300653,3.402181786114218,"{""0"": {""baseline_memory_used_mib"": 1.0, ""mean_gpu_utilization_percent"": 46.673202614379086, ""mean_memory_utilization_percent"": 22.091503267973856, ""mean_power_draw_w"": 179.34320261437907, ""peak_gpu_utilization_percent"": 100.0, ""peak_incremental_memory_mib"": 14177.0, ""peak_memory_used_mib"": 14178.0, ""peak_power_draw_w"": 258.03}, ""1"": {""baseline_memory_used_mib"": 1.0, ""mean_gpu_utilization_percent"": 45.57516339869281, ""mean_memory_utilization_percent"": 21.81045751633987, ""mean_power_draw_w"": 169.01803921568626, ""peak_gpu_utilization_percent"": 99.0, ""peak_incremental_memory_mib"": 14177.0, ""peak_memory_used_mib"": 14178.0, ""peak_power_draw_w"": 253.76}}",0.2,153.0,${BENCHMARK_OUTPUT_ROOT}/runs/core/core_p2000_g2_r01/monitor_cpp_kl/stdout.log,${BENCHMARK_OUTPUT_ROOT}/runs/core/core_p2000_g2_r01/monitor_cpp_kl/stderr.log,${BENCHMARK_OUTPUT_ROOT}/runs/core/core_p2000_g2_r01/monitor_cpp_kl/resource_samples.csv,${BENCHMARK_OUTPUT_ROOT}/runs/core/core_p2000_g2_r01/monitor_cpp_kl/gnu_time_verbose.txt,,16.364,125.0,2000.0,passed,[],12.0,stratified_workload,${BENCHMARK_OUTPUT_ROOT}/design/pair_lists/pairs_2000.csv,${PACKED_DB},${PRODIVE_BINARY},8.0,True,2000.0,192685744.0,2003.0,192709065.0,56.88526816198406,1368984.8219406866,${BENCHMARK_OUTPUT_ROOT}/runs/core/core_p2000_g2_r01/cpp_output/prodive_run_manifest.json,16.0,2026-07-13 11:23:05 +0800,"{""removed_bytes"": 192685744, ""removed_file_count"": 2000}",,,,,,,,,,,,,,,,,,,,,,,,,,,,,,,,,,,,,,,,,,,,,,,,,,,,,,,,
core_p2000_g2_r02,core,cpp_kl,2,2000,48131436,3694,2,"[0, 1]",completed,0.0,False,56.135330769233406,2678.71484375,2678.52734375,2678.71484375,,{},process_tree_sampling_with_gnu_time_fallback,True,28356.0,28354.0,28.17016806722689,242.17508403361342,3.7762717906371623,"{""0"": {""baseline_memory_used_mib"": 1.0, ""mean_gpu_utilization_percent"": 27.95378151260504, ""mean_memory_utilization_percent"": 13.415966386554622, ""mean_power_draw_w"": 119.88789915966386, ""peak_gpu_utilization_percent"": 97.0, ""peak_incremental_memory_mib"": 14177.0, ""peak_memory_used_mib"": 14178.0, ""peak_power_draw_w"": 258.08}, ""1"": {""baseline_memory_used_mib"": 1.0, ""mean_gpu_utilization_percent"": 28.386554621848738, ""mean_memory_utilization_percent"": 13.327731092436975, ""mean_power_draw_w"": 122.28718487394957, ""peak_gpu_utilization_percent"": 100.0, ""peak_incremental_memory_mib"": 14177.0, ""peak_memory_used_mib"": 14178.0, ""peak_power_draw_w"": 256.82}}",0.2,238.0,${BENCHMARK_OUTPUT_ROOT}/runs/core/core_p2000_g2_r02/monitor_cpp_kl/stdout.log,${BENCHMARK_OUTPUT_ROOT}/runs/core/core_p2000_g2_r02/monitor_cpp_kl/stderr.log,${BENCHMARK_OUTPUT_ROOT}/runs/core/core_p2000_g2_r02/monitor_cpp_kl/resource_samples.csv,${BENCHMARK_OUTPUT_ROOT}/runs/core/core_p2000_g2_r02/monitor_cpp_kl/gnu_time_verbose.txt,,16.748,125.0,2000.0,passed,[],17.0,stratified_workload,${BENCHMARK_OUTPUT_ROOT}/design/pair_lists/pairs_2000.csv,${PACKED_DB},${PRODIVE_BINARY},8.0,True,2000.0,192685744.0,2003.0,192709065.0,35.62818589636169,857417.8746334177,${BENCHMARK_OUTPUT_ROOT}/runs/core/core_p2000_g2_r02/cpp_output/prodive_run_manifest.json,16.0,2026-07-13 11:36:07 +0800,"{""removed_bytes"": 192685744, ""removed_file_count"": 2000}",,,,,,,,,,,,,,,,,,,,,,,,,,,,,,,,,,,,,,,,,,,,,,,,,,,,,,,,
core_p2000_g2_r03,core,cpp_kl,3,2000,48131436,3694,2,"[0, 1]",completed,0.0,False,35.604261002969,2678.59375,2678.27734375,2678.59375,,{},process_tree_sampling_with_gnu_time_fallback,True,28356.0,28354.0,44.02960526315789,341.5186842105263,3.3776445472283685,"{""0"": {""baseline_memory_used_mib"": 1.0, ""mean_gpu_utilization_percent"": 44.16447368421053, ""mean_memory_utilization_percent"": 21.625, ""mean_power_draw_w"": 177.6775657894737, ""peak_gpu_utilization_percent"": 98.0, ""peak_incremental_memory_mib"": 14177.0, ""peak_memory_used_mib"": 14178.0, ""peak_power_draw_w"": 260.88}, ""1"": {""baseline_memory_used_mib"": 1.0, ""mean_gpu_utilization_percent"": 43.89473684210526, ""mean_memory_utilization_percent"": 20.93421052631579, ""mean_power_draw_w"": 163.8411184210526, ""peak_gpu_utilization_percent"": 98.0, ""peak_incremental_memory_mib"": 14177.0, ""peak_memory_used_mib"": 14178.0, ""peak_power_draw_w"": 254.23}}",0.2,152.0,${BENCHMARK_OUTPUT_ROOT}/runs/core/core_p2000_g2_r03/monitor_cpp_kl/stdout.log,${BENCHMARK_OUTPUT_ROOT}/runs/core/core_p2000_g2_r03/monitor_cpp_kl/stderr.log,${BENCHMARK_OUTPUT_ROOT}/runs/core/core_p2000_g2_r03/monitor_cpp_kl/resource_samples.csv,${BENCHMARK_OUTPUT_ROOT}/runs/core/core_p2000_g2_r03/monitor_cpp_kl/gnu_time_verbose.txt,,16.829,125.0,2000.0,passed,[],5.0,stratified_workload,${BENCHMARK_OUTPUT_ROOT}/design/pair_lists/pairs_2000.csv,${PACKED_DB},${PRODIVE_BINARY},8.0,True,2000.0,192685744.0,2003.0,192709065.0,56.17305186683196,1351844.8254265515,${BENCHMARK_OUTPUT_ROOT}/runs/core/core_p2000_g2_r03/cpp_output/prodive_run_manifest.json,16.0,2026-07-13 11:15:28 +0800,"{""removed_bytes"": 192685744, ""removed_file_count"": 2000}",,,,,,,,,,,,,,,,,,,,,,,,,,,,,,,,,,,,,,,,,,,,,,,,,,,,,,,,
core_p200_g1_r01,core,cpp_kl,1,200,5009275,397,1,[0],completed,0.0,False,5.6283586118370295,370.1484375,370.0859375,370.1484375,,{},process_tree_sampling_with_gnu_time_fallback,True,14777.0,14269.0,63.52,194.1144,0.30348484858932717,"{""0"": {""baseline_memory_used_mib"": 508.0, ""mean_gpu_utilization_percent"": 63.52, ""mean_memory_utilization_percent"": 29.08, ""mean_power_draw_w"": 194.1144, ""peak_gpu_utilization_percent"": 100.0, ""peak_incremental_memory_mib"": 14269.0, ""peak_memory_used_mib"": 14777.0, ""peak_power_draw_w"": 243.29}}",0.2,25.0,${BENCHMARK_OUTPUT_ROOT}/runs/core/core_p200_g1_r01/monitor_cpp_kl/stdout.log,${BENCHMARK_OUTPUT_ROOT}/runs/core/core_p200_g1_r01/monitor_cpp_kl/stderr.log,${BENCHMARK_OUTPUT_ROOT}/runs/core/core_p200_g1_r01/monitor_cpp_kl/resource_samples.csv,${BENCHMARK_OUTPUT_ROOT}/runs/core/core_p200_g1_r01/monitor_cpp_kl/gnu_time_verbose.txt,,1.74,66.6667,200.0,passed,[],21.0,stratified_workload,${BENCHMARK_OUTPUT_ROOT}/design/pair_lists/pairs_200.csv,${PACKED_DB},${PRODIVE_BINARY},8.0,True,200.0,20053100.0,203.0,20056384.0,35.53433848002844,890006.3669477223,${BENCHMARK_OUTPUT_ROOT}/runs/core/core_p200_g1_r01/cpp_output/prodive_run_manifest.json,3.0,2026-07-13 14:17:09 +0800,"{""removed_bytes"": 20053100, ""removed_file_count"": 200}",compare,,,,,,,,,,,,,,,,,,,,,,,,,,,,,,,,,,,,,,,,,,,,,,,,,,,,,,,
core_p200_g1_r02,core,cpp_kl,2,200,5009275,397,1,[0],completed,0.0,False,5.92320794891566,370.53125,370.34375,370.53125,,{},process_tree_sampling_with_gnu_time_fallback,True,14515.0,14173.0,62.84615384615385,188.20192307692307,0.30965531299179005,"{""0"": {""baseline_memory_used_mib"": 342.0, ""mean_gpu_utilization_percent"": 62.84615384615385, ""mean_memory_utilization_percent"": 27.03846153846154, ""mean_power_draw_w"": 188.20192307692307, ""peak_gpu_utilization_percent"": 96.0, ""peak_incremental_memory_mib"": 14173.0, ""peak_memory_used_mib"": 14515.0, ""peak_power_draw_w"": 239.63}}",0.2,26.0,${BENCHMARK_OUTPUT_ROOT}/runs/core/core_p200_g1_r02/monitor_cpp_kl/stdout.log,${BENCHMARK_OUTPUT_ROOT}/runs/core/core_p200_g1_r02/monitor_cpp_kl/stderr.log,${BENCHMARK_OUTPUT_ROOT}/runs/core/core_p200_g1_r02/monitor_cpp_kl/resource_samples.csv,${BENCHMARK_OUTPUT_ROOT}/runs/core/core_p200_g1_r02/monitor_cpp_kl/gnu_time_verbose.txt,,1.825,66.6667,200.0,passed,[],2.0,stratified_workload,${BENCHMARK_OUTPUT_ROOT}/design/pair_lists/pairs_200.csv,${PACKED_DB},${PRODIVE_BINARY},8.0,True,200.0,20053100.0,203.0,20056384.0,33.7654868316101,845703.0452420685,${BENCHMARK_OUTPUT_ROOT}/runs/core/core_p200_g1_r02/cpp_output/prodive_run_manifest.json,3.0,2026-07-13 14:16:35 +0800,"{""removed_bytes"": 20053100, ""removed_file_count"": 200}",compare,,,,,,,,,,,,,,,,,,,,,,,,,,,,,,,,,,,,,,,,,,,,,,,,,,,,,,,
core_p200_g1_r03,core,cpp_kl,3,200,5009275,397,1,[0],completed,0.0,False,5.7328893737867475,370.3984375,370.203125,370.3984375,,{},process_tree_sampling_with_gnu_time_fallback,True,15027.0,14359.0,65.76,191.0864,0.3042992200097677,"{""0"": {""baseline_memory_used_mib"": 668.0, ""mean_gpu_utilization_percent"": 65.76, ""mean_memory_utilization_percent"": 29.28, ""mean_power_draw_w"": 191.0864, ""peak_gpu_utilization_percent"": 99.0, ""peak_incremental_memory_mib"": 14359.0, ""peak_memory_used_mib"": 15027.0, ""peak_power_draw_w"": 248.66}}",0.2,25.0,${BENCHMARK_OUTPUT_ROOT}/runs/core/core_p200_g1_r03/monitor_cpp_kl/stdout.log,${BENCHMARK_OUTPUT_ROOT}/runs/core/core_p200_g1_r03/monitor_cpp_kl/stderr.log,${BENCHMARK_OUTPUT_ROOT}/runs/core/core_p200_g1_r03/monitor_cpp_kl/resource_samples.csv,${BENCHMARK_OUTPUT_ROOT}/runs/core/core_p200_g1_r03/monitor_cpp_kl/gnu_time_verbose.txt,,1.761,66.6667,200.0,passed,[],30.0,stratified_workload,${BENCHMARK_OUTPUT_ROOT}/design/pair_lists/pairs_200.csv,${PACKED_DB},${PRODIVE_BINARY},8.0,True,200.0,20053100.0,203.0,20056384.0,34.88642235353199,873778.4166749448,${BENCHMARK_OUTPUT_ROOT}/runs/core/core_p200_g1_r03/cpp_output/prodive_run_manifest.json,3.0,2026-07-13 14:17:26 +0800,"{""removed_bytes"": 20053100, ""removed_file_count"": 200}",compare,,,,,,,,,,,,,,,,,,,,,,,,,,,,,,,,,,,,,,,,,,,,,,,,,,,,,,,
core_p200_g2_r01,core,cpp_kl,1,200,5009275,397,2,"[0, 1]",completed,0.0,False,4.034259733278304,453.41796875,453.23046875,453.41796875,,{},process_tree_sampling_with_gnu_time_fallback,True,28691.0,28348.0,41.111111111111114,263.52166666666665,0.2953096801888113,"{""0"": {""baseline_memory_used_mib"": 342.0, ""mean_gpu_utilization_percent"": 40.22222222222222, ""mean_memory_utilization_percent"": 17.444444444444443, ""mean_power_draw_w"": 140.37722222222223, ""peak_gpu_utilization_percent"": 97.0, ""peak_incremental_memory_mib"": 14173.0, ""peak_memory_used_mib"": 14515.0, ""peak_power_draw_w"": 234.49}, ""1"": {""baseline_memory_used_mib"": 1.0, ""mean_gpu_utilization_percent"": 42.0, ""mean_memory_utilization_percent"": 21.11111111111111, ""mean_power_draw_w"": 123.14444444444445, ""peak_gpu_utilization_percent"": 98.0, ""peak_incremental_memory_mib"": 14175.0, ""peak_memory_used_mib"": 14176.0, ""peak_power_draw_w"": 245.08}}",0.2,18.0,${BENCHMARK_OUTPUT_ROOT}/runs/core/core_p200_g2_r01/monitor_cpp_kl/stdout.log,${BENCHMARK_OUTPUT_ROOT}/runs/core/core_p200_g2_r01/monitor_cpp_kl/stderr.log,${BENCHMARK_OUTPUT_ROOT}/runs/core/core_p200_g2_r01/monitor_cpp_kl/resource_samples.csv,${BENCHMARK_OUTPUT_ROOT}/runs/core/core_p200_g2_r01/monitor_cpp_kl/gnu_time_verbose.txt,,1.72,200.0,200.0,passed,[],1.0,stratified_workload,${BENCHMARK_OUTPUT_ROOT}/design/pair_lists/pairs_200.csv,${PACKED_DB},${PRODIVE_BINARY},8.0,True,200.0,20053100.0,203.0,20056384.0,49.575390089590684,1241683.810955172,${BENCHMARK_OUTPUT_ROOT}/runs/core/core_p200_g2_r01/cpp_output/prodive_run_manifest.json,1.0,2026-07-13 14:16:29 +0800,"{""removed_bytes"": 20053100, ""removed_file_count"": 200}",compare,,,,,,,,,,,,,,,,,,,,,,,,,,,,,,,,,,,,,,,,,,,,,,,,,,,,,,,
core_p200_g2_r02,core,cpp_kl,2,200,5009275,397,2,"[0, 1]",completed,0.0,False,4.084844882134348,453.39453125,453.26953125,453.39453125,,{},process_tree_sampling_with_gnu_time_fallback,True,28755.0,28348.0,41.66666666666667,288.9788888888889,0.32789831536740227,"{""0"": {""baseline_memory_used_mib"": 406.0, ""mean_gpu_utilization_percent"": 41.77777777777778, ""mean_memory_utilization_percent"": 17.77777777777778, ""mean_power_draw_w"": 163.68666666666667, ""peak_gpu_utilization_percent"": 95.0, ""peak_incremental_memory_mib"": 14173.0, ""peak_memory_used_mib"": 14579.0, ""peak_power_draw_w"": 238.09}, ""1"": {""baseline_memory_used_mib"": 1.0, ""mean_gpu_utilization_percent"": 41.55555555555556, ""mean_memory_utilization_percent"": 20.444444444444443, ""mean_power_draw_w"": 125.29222222222224, ""peak_gpu_utilization_percent"": 98.0, ""peak_incremental_memory_mib"": 14175.0, ""peak_memory_used_mib"": 14176.0, ""peak_power_draw_w"": 243.9}}",0.2,18.0,${BENCHMARK_OUTPUT_ROOT}/runs/core/core_p200_g2_r02/monitor_cpp_kl/stdout.log,${BENCHMARK_OUTPUT_ROOT}/runs/core/core_p200_g2_r02/monitor_cpp_kl/stderr.log,${BENCHMARK_OUTPUT_ROOT}/runs/core/core_p200_g2_r02/monitor_cpp_kl/resource_samples.csv,${BENCHMARK_OUTPUT_ROOT}/runs/core/core_p200_g2_r02/monitor_cpp_kl/gnu_time_verbose.txt,,1.708,200.0,200.0,passed,[],4.0,stratified_workload,${BENCHMARK_OUTPUT_ROOT}/design/pair_lists/pairs_200.csv,${PACKED_DB},${PRODIVE_BINARY},8.0,True,200.0,20053100.0,203.0,20056384.0,48.961467514893535,1226307.2759283416,${BENCHMARK_OUTPUT_ROOT}/runs/core/core_p200_g2_r02/cpp_output/prodive_run_manifest.json,1.0,2026-07-13 14:16:41 +0800,"{""removed_bytes"": 20053100, ""removed_file_count"": 200}",compare,,,,,,,,,,,,,,,,,,,,,,,,,,,,,,,,,,,,,,,,,,,,,,,,,,,,,,,
core_p200_g2_r03,core,cpp_kl,3,200,5009275,397,2,"[0, 1]",completed,0.0,False,4.0368038709275424,453.22265625,453.16015625,453.22265625,,{},process_tree_sampling_with_gnu_time_fallback,True,28857.0,28316.0,47.861111111111114,328.40555555555557,0.3682524494168824,"{""0"": {""baseline_memory_used_mib"": 540.0, ""mean_gpu_utilization_percent"": 49.44444444444444, ""mean_memory_utilization_percent"": 22.0, ""mean_power_draw_w"": 166.50722222222223, ""peak_gpu_utilization_percent"": 100.0, ""peak_incremental_memory_mib"": 14141.0, ""peak_memory_used_mib"": 14681.0, ""peak_power_draw_w"": 241.8}, ""1"": {""baseline_memory_used_mib"": 1.0, ""mean_gpu_utilization_percent"": 46.27777777777778, ""mean_memory_utilization_percent"": 17.0, ""mean_power_draw_w"": 161.89833333333334, ""peak_gpu_utilization_percent"": 98.0, ""peak_incremental_memory_mib"": 14175.0, ""peak_memory_used_mib"": 14176.0, ""peak_power_draw_w"": 238.11}}",0.2,18.0,${BENCHMARK_OUTPUT_ROOT}/runs/core/core_p200_g2_r03/monitor_cpp_kl/stdout.log,${BENCHMARK_OUTPUT_ROOT}/runs/core/core_p200_g2_r03/monitor_cpp_kl/stderr.log,${BENCHMARK_OUTPUT_ROOT}/runs/core/core_p200_g2_r03/monitor_cpp_kl/resource_samples.csv,${BENCHMARK_OUTPUT_ROOT}/runs/core/core_p200_g2_r03/monitor_cpp_kl/gnu_time_verbose.txt,,1.708,200.0,200.0,passed,[],17.0,stratified_workload,${BENCHMARK_OUTPUT_ROOT}/design/pair_lists/pairs_200.csv,${PACKED_DB},${PRODIVE_BINARY},8.0,True,200.0,20053100.0,203.0,20056384.0,49.5441459121584,1240901.2575706362,${BENCHMARK_OUTPUT_ROOT}/runs/core/core_p200_g2_r03/cpp_output/prodive_run_manifest.json,1.0,2026-07-13 14:17:00 +0800,"{""removed_bytes"": 20053100, ""removed_file_count"": 200}",compare,,,,,,,,,,,,,,,,,,,,,,,,,,,,,,,,,,,,,,,,,,,,,,,,,,,,,,,
core_p20_g1_r01,core,cpp_kl,1,20,487045,40,1,[0],completed,0.0,False,0.9253409286029637,127.90234375,127.46484375,127.90234375,,{},process_tree_sampling_with_gnu_time_fallback,True,14607.0,14165.0,86.2,178.35399999999998,0.045843959994459164,"{""0"": {""baseline_memory_used_mib"": 442.0, ""mean_gpu_utilization_percent"": 86.2, ""mean_memory_utilization_percent"": 23.6, ""mean_power_draw_w"": 178.35399999999998, ""peak_gpu_utilization_percent"": 97.0, ""peak_incremental_memory_mib"": 14165.0, ""peak_memory_used_mib"": 14607.0, ""peak_power_draw_w"": 191.08}}",0.2,5.0,${BENCHMARK_OUTPUT_ROOT}/runs/core/core_p20_g1_r01/monitor_cpp_kl/stdout.log,${BENCHMARK_OUTPUT_ROOT}/runs/core/core_p20_g1_r01/monitor_cpp_kl/stderr.log,${BENCHMARK_OUTPUT_ROOT}/runs/core/core_p20_g1_r01/monitor_cpp_kl/resource_samples.csv,${BENCHMARK_OUTPUT_ROOT}/runs/core/core_p20_g1_r01/monitor_cpp_kl/gnu_time_verbose.txt,,0.175,,20.0,passed,[],9.0,stratified_workload,${BENCHMARK_OUTPUT_ROOT}/design/pair_lists/pairs_20.csv,${PACKED_DB},${PRODIVE_BINARY},8.0,True,20.0,1949780.0,23.0,1951033.0,21.613655445020747,526341.1408110064,${BENCHMARK_OUTPUT_ROOT}/runs/core/core_p20_g1_r01/cpp_output/prodive_run_manifest.json,0.0,2026-07-13 14:16:48 +0800,"{""removed_bytes"": 1949780, ""removed_file_count"": 20}",compare,,,,,,,,,,,,,,,,,,,,,,,,,,,,,,,,,,,,,,,,,,,,,,,,,,,,,,,
core_p20_g1_r02,core,cpp_kl,2,20,487045,40,1,[0],completed,0.0,False,0.769994692876935,127.76171875,127.4453125,127.76171875,,{},process_tree_sampling_with_gnu_time_fallback,True,14607.0,14165.0,73.5,159.8625,0.034192576830566396,"{""0"": {""baseline_memory_used_mib"": 442.0, ""mean_gpu_utilization_percent"": 73.5, ""mean_memory_utilization_percent"": 17.5, ""mean_power_draw_w"": 159.8625, ""peak_gpu_utilization_percent"": 97.0, ""peak_incremental_memory_mib"": 14165.0, ""peak_memory_used_mib"": 14607.0, ""peak_power_draw_w"": 177.97}}",0.2,4.0,${BENCHMARK_OUTPUT_ROOT}/runs/core/core_p20_g1_r02/monitor_cpp_kl/stdout.log,${BENCHMARK_OUTPUT_ROOT}/runs/core/core_p20_g1_r02/monitor_cpp_kl/stderr.log,${BENCHMARK_OUTPUT_ROOT}/runs/core/core_p20_g1_r02/monitor_cpp_kl/resource_samples.csv,${BENCHMARK_OUTPUT_ROOT}/runs/core/core_p20_g1_r02/monitor_cpp_kl/gnu_time_verbose.txt,,0.167,,20.0,passed,[],15.0,stratified_workload,${BENCHMARK_OUTPUT_ROOT}/design/pair_lists/pairs_20.csv,${PACKED_DB},${PRODIVE_BINARY},8.0,True,20.0,1949780.0,23.0,1951033.0,25.974204997795376,632530.3336575624,${BENCHMARK_OUTPUT_ROOT}/runs/core/core_p20_g1_r02/cpp_output/prodive_run_manifest.json,0.0,2026-07-13 14:16:55 +0800,"{""removed_bytes"": 1949780, ""removed_file_count"": 20}",compare,,,,,,,,,,,,,,,,,,,,,,,,,,,,,,,,,,,,,,,,,,,,,,,,,,,,,,,
core_p20_g1_r03,core,cpp_kl,3,20,487045,40,1,[0],completed,0.0,False,1.010487690102309,128.14453125,127.703125,128.14453125,,{},process_tree_sampling_with_gnu_time_fallback,True,14833.0,14165.0,77.8,196.73399999999998,0.05522146811794101,"{""0"": {""baseline_memory_used_mib"": 668.0, ""mean_gpu_utilization_percent"": 77.8, ""mean_memory_utilization_percent"": 15.8, ""mean_power_draw_w"": 196.73399999999998, ""peak_gpu_utilization_percent"": 100.0, ""peak_incremental_memory_mib"": 14165.0, ""peak_memory_used_mib"": 14833.0, ""peak_power_draw_w"": 215.01}}",0.2,5.0,${BENCHMARK_OUTPUT_ROOT}/runs/core/core_p20_g1_r03/monitor_cpp_kl/stdout.log,${BENCHMARK_OUTPUT_ROOT}/runs/core/core_p20_g1_r03/monitor_cpp_kl/stderr.log,${BENCHMARK_OUTPUT_ROOT}/runs/core/core_p20_g1_r03/monitor_cpp_kl/resource_samples.csv,${BENCHMARK_OUTPUT_ROOT}/runs/core/core_p20_g1_r03/monitor_cpp_kl/gnu_time_verbose.txt,,0.195,,20.0,passed,[],29.0,stratified_workload,${BENCHMARK_OUTPUT_ROOT}/design/pair_lists/pairs_20.csv,${PACKED_DB},${PRODIVE_BINARY},8.0,True,20.0,1949780.0,23.0,1951033.0,19.79242319911394,481990.0378506225,${BENCHMARK_OUTPUT_ROOT}/runs/core/core_p20_g1_r03/cpp_output/prodive_run_manifest.json,0.0,2026-07-13 14:17:20 +0800,"{""removed_bytes"": 1949780, ""removed_file_count"": 20}",compare,,,,,,,,,,,,,,,,,,,,,,,,,,,,,,,,,,,,,,,,,,,,,,,,,,,,,,,
core_p20_g2_r01,core,cpp_kl,1,20,487045,40,2,"[0, 1]",completed,0.0,False,0.8464946979656816,210.484375,209.33984375,210.484375,,{},process_tree_sampling_with_gnu_time_fallback,True,28775.0,28332.0,59.125,367.475,0.08640712198192746,"{""0"": {""baseline_memory_used_mib"": 442.0, ""mean_gpu_utilization_percent"": 59.75, ""mean_memory_utilization_percent"": 10.75, ""mean_power_draw_w"": 183.885, ""peak_gpu_utilization_percent"": 100.0, ""peak_incremental_memory_mib"": 14165.0, ""peak_memory_used_mib"": 14607.0, ""peak_power_draw_w"": 213.04}, ""1"": {""baseline_memory_used_mib"": 1.0, ""mean_gpu_utilization_percent"": 58.5, ""mean_memory_utilization_percent"": 6.25, ""mean_power_draw_w"": 183.59, ""peak_gpu_utilization_percent"": 98.0, ""peak_incremental_memory_mib"": 14167.0, ""peak_memory_used_mib"": 14168.0, ""peak_power_draw_w"": 211.36}}",0.2,4.0,${BENCHMARK_OUTPUT_ROOT}/runs/core/core_p20_g2_r01/monitor_cpp_kl/stdout.log,${BENCHMARK_OUTPUT_ROOT}/runs/core/core_p20_g2_r01/monitor_cpp_kl/stderr.log,${BENCHMARK_OUTPUT_ROOT}/runs/core/core_p20_g2_r01/monitor_cpp_kl/resource_samples.csv,${BENCHMARK_OUTPUT_ROOT}/runs/core/core_p20_g2_r01/monitor_cpp_kl/gnu_time_verbose.txt,,0.176,,20.0,passed,[],12.0,stratified_workload,${BENCHMARK_OUTPUT_ROOT}/design/pair_lists/pairs_20.csv,${PACKED_DB},${PRODIVE_BINARY},8.0,True,20.0,1949780.0,23.0,1951033.0,23.62684615516734,575366.8642821738,${BENCHMARK_OUTPUT_ROOT}/runs/core/core_p20_g2_r01/cpp_output/prodive_run_manifest.json,0.0,2026-07-13 14:16:54 +0800,"{""removed_bytes"": 1949780, ""removed_file_count"": 20}",compare,,,,,,,,,,,,,,,,,,,,,,,,,,,,,,,,,,,,,,,,,,,,,,,,,,,,,,,
core_p20_g2_r02,core,cpp_kl,2,20,487045,40,2,"[0, 1]",completed,0.0,False,0.8393872263841331,210.69140625,209.56640625,210.69140625,,{},process_tree_sampling_with_gnu_time_fallback,True,28841.0,28332.0,52.625,372.735,0.08690805495174718,"{""0"": {""baseline_memory_used_mib"": 508.0, ""mean_gpu_utilization_percent"": 59.0, ""mean_memory_utilization_percent"": 8.25, ""mean_power_draw_w"": 185.775, ""peak_gpu_utilization_percent"": 96.0, ""peak_incremental_memory_mib"": 14165.0, ""peak_memory_used_mib"": 14673.0, ""peak_power_draw_w"": 217.25}, ""1"": {""baseline_memory_used_mib"": 1.0, ""mean_gpu_utilization_percent"": 46.25, ""mean_memory_utilization_percent"": 16.75, ""mean_power_draw_w"": 186.95999999999998, ""peak_gpu_utilization_percent"": 79.0, ""peak_incremental_memory_mib"": 14167.0, ""peak_memory_used_mib"": 14168.0, ""peak_power_draw_w"": 223.01}}",0.2,4.0,${BENCHMARK_OUTPUT_ROOT}/runs/core/core_p20_g2_r02/monitor_cpp_kl/stdout.log,${BENCHMARK_OUTPUT_ROOT}/runs/core/core_p20_g2_r02/monitor_cpp_kl/stderr.log,${BENCHMARK_OUTPUT_ROOT}/runs/core/core_p20_g2_r02/monitor_cpp_kl/resource_samples.csv,${BENCHMARK_OUTPUT_ROOT}/runs/core/core_p20_g2_r02/monitor_cpp_kl/gnu_time_verbose.txt,,0.167,,20.0,passed,[],18.0,stratified_workload,${BENCHMARK_OUTPUT_ROOT}/design/pair_lists/pairs_20.csv,${PACKED_DB},${PRODIVE_BINARY},8.0,True,20.0,1949780.0,23.0,1951033.0,23.826905355892677,580238.7559530374,${BENCHMARK_OUTPUT_ROOT}/runs/core/core_p20_g2_r02/cpp_output/prodive_run_manifest.json,0.0,2026-07-13 14:17:01 +0800,"{""removed_bytes"": 1949780, ""removed_file_count"": 20}",compare,,,,,,,,,,,,,,,,,,,,,,,,,,,,,,,,,,,,,,,,,,,,,,,,,,,,,,,
core_p20_g2_r03,core,cpp_kl,3,20,487045,40,2,"[0, 1]",completed,0.0,False,0.9224921357817948,210.48828125,210.04296875,210.48828125,,{},process_tree_sampling_with_gnu_time_fallback,True,28873.0,28430.0,40.099999999999994,313.02600000000007,0.08021222869312004,"{""0"": {""baseline_memory_used_mib"": 442.0, ""mean_gpu_utilization_percent"": 61.8, ""mean_memory_utilization_percent"": 21.0, ""mean_power_draw_w"": 172.53400000000002, ""peak_gpu_utilization_percent"": 97.0, ""peak_incremental_memory_mib"": 14263.0, ""peak_memory_used_mib"": 14705.0, ""peak_power_draw_w"": 179.05}, ""1"": {""baseline_memory_used_mib"": 1.0, ""mean_gpu_utilization_percent"": 18.4, ""mean_memory_utilization_percent"": 8.2, ""mean_power_draw_w"": 140.49200000000002, ""peak_gpu_utilization_percent"": 85.0, ""peak_incremental_memory_mib"": 14167.0, ""peak_memory_used_mib"": 14168.0, ""peak_power_draw_w"": 150.12}}",0.2,5.0,${BENCHMARK_OUTPUT_ROOT}/runs/core/core_p20_g2_r03/monitor_cpp_kl/stdout.log,${BENCHMARK_OUTPUT_ROOT}/runs/core/core_p20_g2_r03/monitor_cpp_kl/stderr.log,${BENCHMARK_OUTPUT_ROOT}/runs/core/core_p20_g2_r03/monitor_cpp_kl/resource_samples.csv,${BENCHMARK_OUTPUT_ROOT}/runs/core/core_p20_g2_r03/monitor_cpp_kl/gnu_time_verbose.txt,,0.179,,20.0,passed,[],16.0,stratified_workload,${BENCHMARK_OUTPUT_ROOT}/design/pair_lists/pairs_20.csv,${PACKED_DB},${PRODIVE_BINARY},8.0,True,20.0,1949780.0,23.0,1951033.0,21.680401625375783,527966.5604815574,${BENCHMARK_OUTPUT_ROOT}/runs/core/core_p20_g2_r03/cpp_output/prodive_run_manifest.json,0.0,2026-07-13 14:16:56 +0800,"{""removed_bytes"": 1949780, ""removed_file_count"": 20}",compare,,,,,,,,,,,,,,,,,,,,,,,,,,,,,,,,,,,,,,,,,,,,,,,,,,,,,,,
core_p500_g1_r01,core,cpp_kl,1,500,12311926,983,1,[0],completed,0.0,False,13.784696188755333,769.67578125,769.48828125,769.67578125,,{},process_tree_sampling_with_gnu_time_fallback,True,14176.0,14175.0,58.1,196.46483333333333,0.75228001090957,"{""0"": {""baseline_memory_used_mib"": 1.0, ""mean_gpu_utilization_percent"": 58.1, ""mean_memory_utilization_percent"": 28.05, ""mean_power_draw_w"": 196.46483333333333, ""peak_gpu_utilization_percent"": 98.0, ""peak_incremental_memory_mib"": 14175.0, ""peak_memory_used_mib"": 14176.0, ""peak_power_draw_w"": 256.13}}",0.2,60.0,${BENCHMARK_OUTPUT_ROOT}/runs/core/core_p500_g1_r01/monitor_cpp_kl/stdout.log,${BENCHMARK_OUTPUT_ROOT}/runs/core/core_p500_g1_r01/monitor_cpp_kl/stderr.log,${BENCHMARK_OUTPUT_ROOT}/runs/core/core_p500_g1_r01/monitor_cpp_kl/resource_samples.csv,${BENCHMARK_OUTPUT_ROOT}/runs/core/core_p500_g1_r01/monitor_cpp_kl/gnu_time_verbose.txt,,4.356,62.5,500.0,passed,[],3.0,stratified_workload,${BENCHMARK_OUTPUT_ROOT}/design/pair_lists/pairs_500.csv,${PACKED_DB},${PRODIVE_BINARY},8.0,True,500.0,49287704.0,503.0,49294327.0,36.27210880482573,893159.0389379256,${BENCHMARK_OUTPUT_ROOT}/runs/core/core_p500_g1_r01/cpp_output/prodive_run_manifest.json,8.0,2026-07-13 11:13:58 +0800,"{""removed_bytes"": 49287704, ""removed_file_count"": 500}",,,,,,,,,,,,,,,,,,,,,,,,,,,,,,,,,,,,,,,,,,,,,,,,,,,,,,,,
core_p500_g1_r02,core,cpp_kl,2,500,12311926,983,1,[0],completed,0.0,False,13.931437003891915,769.390625,769.2265625,769.390625,,{},process_tree_sampling_with_gnu_time_fallback,True,14176.0,14175.0,58.63934426229508,200.6722950819672,0.7765703992668987,"{""0"": {""baseline_memory_used_mib"": 1.0, ""mean_gpu_utilization_percent"": 58.63934426229508, ""mean_memory_utilization_percent"": 28.327868852459016, ""mean_power_draw_w"": 200.6722950819672, ""peak_gpu_utilization_percent"": 95.0, ""peak_incremental_memory_mib"": 14175.0, ""peak_memory_used_mib"": 14176.0, ""peak_power_draw_w"": 251.08}}",0.2,61.0,${BENCHMARK_OUTPUT_ROOT}/runs/core/core_p500_g1_r02/monitor_cpp_kl/stdout.log,${BENCHMARK_OUTPUT_ROOT}/runs/core/core_p500_g1_r02/monitor_cpp_kl/stderr.log,${BENCHMARK_OUTPUT_ROOT}/runs/core/core_p500_g1_r02/monitor_cpp_kl/resource_samples.csv,${BENCHMARK_OUTPUT_ROOT}/runs/core/core_p500_g1_r02/monitor_cpp_kl/gnu_time_verbose.txt,,4.429,62.5,500.0,passed,[],11.0,stratified_workload,${BENCHMARK_OUTPUT_ROOT}/design/pair_lists/pairs_500.csv,${PACKED_DB},${PRODIVE_BINARY},8.0,True,500.0,49287704.0,503.0,49294327.0,35.89005210735396,883751.331363772,${BENCHMARK_OUTPUT_ROOT}/runs/core/core_p500_g1_r02/cpp_output/prodive_run_manifest.json,8.0,2026-07-13 11:22:30 +0800,"{""removed_bytes"": 49287704, ""removed_file_count"": 500}",,,,,,,,,,,,,,,,,,,,,,,,,,,,,,,,,,,,,,,,,,,,,,,,,,,,,,,,
core_p500_g1_r03,core,cpp_kl,3,500,12311926,983,1,[0],completed,0.0,False,13.73661288805306,769.7109375,769.5234375,769.7109375,,{},process_tree_sampling_with_gnu_time_fallback,True,14176.0,14175.0,59.40677966101695,201.94254237288138,0.7705573695015343,"{""0"": {""baseline_memory_used_mib"": 1.0, ""mean_gpu_utilization_percent"": 59.40677966101695, ""mean_memory_utilization_percent"": 28.033898305084747, ""mean_power_draw_w"": 201.94254237288138, ""peak_gpu_utilization_percent"": 94.0, ""peak_incremental_memory_mib"": 14175.0, ""peak_memory_used_mib"": 14176.0, ""peak_power_draw_w"": 252.14}}",0.2,59.0,${BENCHMARK_OUTPUT_ROOT}/runs/core/core_p500_g1_r03/monitor_cpp_kl/stdout.log,${BENCHMARK_OUTPUT_ROOT}/runs/core/core_p500_g1_r03/monitor_cpp_kl/stderr.log,${BENCHMARK_OUTPUT_ROOT}/runs/core/core_p500_g1_r03/monitor_cpp_kl/resource_samples.csv,${BENCHMARK_OUTPUT_ROOT}/runs/core/core_p500_g1_r03/monitor_cpp_kl/gnu_time_verbose.txt,,4.154,62.5,500.0,passed,[],7.0,stratified_workload,${BENCHMARK_OUTPUT_ROOT}/design/pair_lists/pairs_500.csv,${PACKED_DB},${PRODIVE_BINARY},8.0,True,500.0,49287704.0,503.0,49294327.0,36.39907479920742,896285.4307926133,${BENCHMARK_OUTPUT_ROOT}/runs/core/core_p500_g1_r03/cpp_output/prodive_run_manifest.json,8.0,2026-07-13 11:15:52 +0800,"{""removed_bytes"": 49287704, ""removed_file_count"": 500}",,,,,,,,,,,,,,,,,,,,,,,,,,,,,,,,,,,,,,,,,,,,,,,,,,,,,,,,
core_p500_g2_r01,core,cpp_kl,1,500,12311926,983,2,"[0, 1]",completed,0.0,False,9.726019805762917,852.5546875,852.4921875,852.5546875,,{},process_tree_sampling_with_gnu_time_fallback,True,28352.0,28350.0,39.85714285714286,338.417380952381,0.9142928193770199,"{""0"": {""baseline_memory_used_mib"": 1.0, ""mean_gpu_utilization_percent"": 40.30952380952381, ""mean_memory_utilization_percent"": 20.357142857142858, ""mean_power_draw_w"": 172.30333333333334, ""peak_gpu_utilization_percent"": 95.0, ""peak_incremental_memory_mib"": 14175.0, ""peak_memory_used_mib"": 14176.0, ""peak_power_draw_w"": 258.61}, ""1"": {""baseline_memory_used_mib"": 1.0, ""mean_gpu_utilization_percent"": 39.404761904761905, ""mean_memory_utilization_percent"": 17.404761904761905, ""mean_power_draw_w"": 166.11404761904762, ""peak_gpu_utilization_percent"": 96.0, ""peak_incremental_memory_mib"": 14175.0, ""peak_memory_used_mib"": 14176.0, ""peak_power_draw_w"": 248.92}}",0.2,42.0,${BENCHMARK_OUTPUT_ROOT}/runs/core/core_p500_g2_r01/monitor_cpp_kl/stdout.log,${BENCHMARK_OUTPUT_ROOT}/runs/core/core_p500_g2_r01/monitor_cpp_kl/stderr.log,${BENCHMARK_OUTPUT_ROOT}/runs/core/core_p500_g2_r01/monitor_cpp_kl/resource_samples.csv,${BENCHMARK_OUTPUT_ROOT}/runs/core/core_p500_g2_r01/monitor_cpp_kl/gnu_time_verbose.txt,,4.4,125.0,500.0,passed,[],10.0,stratified_workload,${BENCHMARK_OUTPUT_ROOT}/design/pair_lists/pairs_500.csv,${PACKED_DB},${PRODIVE_BINARY},8.0,True,500.0,49287704.0,503.0,49294327.0,51.40849083031243,1265875.0697489704,${BENCHMARK_OUTPUT_ROOT}/runs/core/core_p500_g2_r01/cpp_output/prodive_run_manifest.json,4.0,2026-07-13 11:22:15 +0800,"{""removed_bytes"": 49287704, ""removed_file_count"": 500}",,,,,,,,,,,,,,,,,,,,,,,,,,,,,,,,,,,,,,,,,,,,,,,,,,,,,,,,
core_p500_g2_r02,core,cpp_kl,2,500,12311926,983,2,"[0, 1]",completed,0.0,False,9.579563109204173,852.76953125,852.71875,852.76953125,,{},process_tree_sampling_with_gnu_time_fallback,True,28352.0,28350.0,45.523809523809526,353.94690476190476,0.941849086520596,"{""0"": {""baseline_memory_used_mib"": 1.0, ""mean_gpu_utilization_percent"": 45.5, ""mean_memory_utilization_percent"": 21.428571428571427, ""mean_power_draw_w"": 179.57142857142858, ""peak_gpu_utilization_percent"": 95.0, ""peak_incremental_memory_mib"": 14175.0, ""peak_memory_used_mib"": 14176.0, ""peak_power_draw_w"": 258.75}, ""1"": {""baseline_memory_used_mib"": 1.0, ""mean_gpu_utilization_percent"": 45.54761904761905, ""mean_memory_utilization_percent"": 20.047619047619047, ""mean_power_draw_w"": 174.3754761904762, ""peak_gpu_utilization_percent"": 100.0, ""peak_incremental_memory_mib"": 14175.0, ""peak_memory_used_mib"": 14176.0, ""peak_power_draw_w"": 250.49}}",0.2,42.0,${BENCHMARK_OUTPUT_ROOT}/runs/core/core_p500_g2_r02/monitor_cpp_kl/stdout.log,${BENCHMARK_OUTPUT_ROOT}/runs/core/core_p500_g2_r02/monitor_cpp_kl/stderr.log,${BENCHMARK_OUTPUT_ROOT}/runs/core/core_p500_g2_r02/monitor_cpp_kl/resource_samples.csv,${BENCHMARK_OUTPUT_ROOT}/runs/core/core_p500_g2_r02/monitor_cpp_kl/gnu_time_verbose.txt,,4.21,125.0,500.0,passed,[],6.0,stratified_workload,${BENCHMARK_OUTPUT_ROOT}/design/pair_lists/pairs_500.csv,${PACKED_DB},${PRODIVE_BINARY},8.0,True,500.0,49287704.0,503.0,49294327.0,52.19444710579685,1285228.34075497,${BENCHMARK_OUTPUT_ROOT}/runs/core/core_p500_g2_r02/cpp_output/prodive_run_manifest.json,4.0,2026-07-13 11:15:38 +0800,"{""removed_bytes"": 49287704, ""removed_file_count"": 500}",,,,,,,,,,,,,,,,,,,,,,,,,,,,,,,,,,,,,,,,,,,,,,,,,,,,,,,,
core_p500_g2_r03,core,cpp_kl,3,500,12311926,983,2,"[0, 1]",completed,0.0,False,8.982551483437419,852.953125,852.765625,852.953125,,{},process_tree_sampling_with_gnu_time_fallback,True,28352.0,28350.0,44.42307692307692,360.9125641025641,0.9005321355751915,"{""0"": {""baseline_memory_used_mib"": 1.0, ""mean_gpu_utilization_percent"": 44.82051282051282, ""mean_memory_utilization_percent"": 21.28205128205128, ""mean_power_draw_w"": 181.25205128205127, ""peak_gpu_utilization_percent"": 97.0, ""peak_incremental_memory_mib"": 14175.0, ""peak_memory_used_mib"": 14176.0, ""peak_power_draw_w"": 256.24}, ""1"": {""baseline_memory_used_mib"": 1.0, ""mean_gpu_utilization_percent"": 44.02564102564103, ""mean_memory_utilization_percent"": 20.487179487179485, ""mean_power_draw_w"": 179.66051282051282, ""peak_gpu_utilization_percent"": 98.0, ""peak_incremental_memory_mib"": 14175.0, ""peak_memory_used_mib"": 14176.0, ""peak_power_draw_w"": 259.77}}",0.2,39.0,${BENCHMARK_OUTPUT_ROOT}/runs/core/core_p500_g2_r03/monitor_cpp_kl/stdout.log,${BENCHMARK_OUTPUT_ROOT}/runs/core/core_p500_g2_r03/monitor_cpp_kl/stderr.log,${BENCHMARK_OUTPUT_ROOT}/runs/core/core_p500_g2_r03/monitor_cpp_kl/resource_samples.csv,${BENCHMARK_OUTPUT_ROOT}/runs/core/core_p500_g2_r03/monitor_cpp_kl/gnu_time_verbose.txt,,3.685,125.0,500.0,passed,[],15.0,stratified_workload,${BENCHMARK_OUTPUT_ROOT}/design/pair_lists/pairs_500.csv,${PACKED_DB},${PRODIVE_BINARY},8.0,True,500.0,49287704.0,503.0,49294327.0,55.66347166748009,1370649.088146223,${BENCHMARK_OUTPUT_ROOT}/runs/core/core_p500_g2_r03/cpp_output/prodive_run_manifest.json,4.0,2026-07-13 11:29:45 +0800,"{""removed_bytes"": 49287704, ""removed_file_count"": 500}",,,,,,,,,,,,,,,,,,,,,,,,,,,,,,,,,,,,,,,,,,,,,,,,,,,,,,,,
core_p50_g1_r01,core,cpp_kl,1,50,1091934,100,1,[0],completed,0.0,False,1.470271520782262,164.8515625,164.53125,164.8515625,,{},process_tree_sampling_with_gnu_time_fallback,True,14833.0,14165.0,54.42857142857143,186.16285714285712,0.07603054085683321,"{""0"": {""baseline_memory_used_mib"": 668.0, ""mean_gpu_utilization_percent"": 54.42857142857143, ""mean_memory_utilization_percent"": 21.428571428571427, ""mean_power_draw_w"": 186.16285714285712, ""peak_gpu_utilization_percent"": 98.0, ""peak_incremental_memory_mib"": 14165.0, ""peak_memory_used_mib"": 14833.0, ""peak_power_draw_w"": 224.65}}",0.2,7.0,${BENCHMARK_OUTPUT_ROOT}/runs/core/core_p50_g1_r01/monitor_cpp_kl/stdout.log,${BENCHMARK_OUTPUT_ROOT}/runs/core/core_p50_g1_r01/monitor_cpp_kl/stderr.log,${BENCHMARK_OUTPUT_ROOT}/runs/core/core_p50_g1_r01/monitor_cpp_kl/resource_samples.csv,${BENCHMARK_OUTPUT_ROOT}/runs/core/core_p50_g1_r01/monitor_cpp_kl/gnu_time_verbose.txt,,0.42,,50.0,passed,[],28.0,stratified_workload,${BENCHMARK_OUTPUT_ROOT}/design/pair_lists/pairs_50.csv,${PACKED_DB},${PRODIVE_BINARY},8.0,True,50.0,4371736.0,53.0,4373328.0,34.007324016857346,742675.0668604622,${BENCHMARK_OUTPUT_ROOT}/runs/core/core_p50_g1_r01/cpp_output/prodive_run_manifest.json,0.0,2026-07-13 14:17:19 +0800,"{""removed_bytes"": 4371736, ""removed_file_count"": 50}",compare,,,,,,,,,,,,,,,,,,,,,,,,,,,,,,,,,,,,,,,,,,,,,,,,,,,,,,,
core_p50_g1_r02,core,cpp_kl,2,50,1091934,100,1,[0],completed,0.0,False,1.7228051177226007,164.9765625,164.66015625,164.9765625,,{},process_tree_sampling_with_gnu_time_fallback,True,14571.0,14165.0,69.5,186.51125,0.0892562600035665,"{""0"": {""baseline_memory_used_mib"": 406.0, ""mean_gpu_utilization_percent"": 69.5, ""mean_memory_utilization_percent"": 21.875, ""mean_power_draw_w"": 186.51125, ""peak_gpu_utilization_percent"": 100.0, ""peak_incremental_memory_mib"": 14165.0, ""peak_memory_used_mib"": 14571.0, ""peak_power_draw_w"": 217.01}}",0.2,8.0,${BENCHMARK_OUTPUT_ROOT}/runs/core/core_p50_g1_r02/monitor_cpp_kl/stdout.log,${BENCHMARK_OUTPUT_ROOT}/runs/core/core_p50_g1_r02/monitor_cpp_kl/stderr.log,${BENCHMARK_OUTPUT_ROOT}/runs/core/core_p50_g1_r02/monitor_cpp_kl/resource_samples.csv,${BENCHMARK_OUTPUT_ROOT}/runs/core/core_p50_g1_r02/monitor_cpp_kl/gnu_time_verbose.txt,,0.481,,50.0,passed,[],5.0,stratified_workload,${BENCHMARK_OUTPUT_ROOT}/design/pair_lists/pairs_50.csv,${PACKED_DB},${PRODIVE_BINARY},8.0,True,50.0,4371736.0,53.0,4373328.0,29.02243526307588,633811.67653103,${BENCHMARK_OUTPUT_ROOT}/runs/core/core_p50_g1_r02/cpp_output/prodive_run_manifest.json,0.0,2026-07-13 14:16:43 +0800,"{""removed_bytes"": 4371736, ""removed_file_count"": 50}",compare,,,,,,,,,,,,,,,,,,,,,,,,,,,,,,,,,,,,,,,,,,,,,,,,,,,,,,,
core_p50_g1_r03,core,cpp_kl,3,50,1091934,100,1,[0],completed,0.0,False,1.7018333598971367,165.2578125,164.8125,165.2578125,,{},process_tree_sampling_with_gnu_time_fallback,True,14603.0,14261.0,61.75,181.10375,0.08561344537568641,"{""0"": {""baseline_memory_used_mib"": 342.0, ""mean_gpu_utilization_percent"": 61.75, ""mean_memory_utilization_percent"": 17.75, ""mean_power_draw_w"": 181.10375, ""peak_gpu_utilization_percent"": 100.0, ""peak_incremental_memory_mib"": 14261.0, ""peak_memory_used_mib"": 14603.0, ""peak_power_draw_w"": 212.04}}",0.2,8.0,${BENCHMARK_OUTPUT_ROOT}/runs/core/core_p50_g1_r03/monitor_cpp_kl/stdout.log,${BENCHMARK_OUTPUT_ROOT}/runs/core/core_p50_g1_r03/monitor_cpp_kl/stderr.log,${BENCHMARK_OUTPUT_ROOT}/runs/core/core_p50_g1_r03/monitor_cpp_kl/resource_samples.csv,${BENCHMARK_OUTPUT_ROOT}/runs/core/core_p50_g1_r03/monitor_cpp_kl/gnu_time_verbose.txt,,0.425,,50.0,passed,[],3.0,stratified_workload,${BENCHMARK_OUTPUT_ROOT}/design/pair_lists/pairs_50.csv,${PACKED_DB},${PRODIVE_BINARY},8.0,True,50.0,4371736.0,53.0,4373328.0,29.380079846961124,641622.162152233,${BENCHMARK_OUTPUT_ROOT}/runs/core/core_p50_g1_r03/cpp_output/prodive_run_manifest.json,0.0,2026-07-13 14:16:37 +0800,"{""removed_bytes"": 4371736, ""removed_file_count"": 50}",compare,,,,,,,,,,,,,,,,,,,,,,,,,,,,,,,,,,,,,,,,,,,,,,,,,,,,,,,
core_p50_g2_r01,core,cpp_kl,1,50,1091934,100,2,"[0, 1]",completed,0.0,False,1.2885561059229076,248.11328125,247.54296875,248.11328125,,{},process_tree_sampling_with_gnu_time_fallback,True,28807.0,28400.0,43.333333333333336,268.6533333333333,0.09615969251200246,"{""0"": {""baseline_memory_used_mib"": 406.0, ""mean_gpu_utilization_percent"": 61.333333333333336, ""mean_memory_utilization_percent"": 19.666666666666668, ""mean_power_draw_w"": 181.595, ""peak_gpu_utilization_percent"": 100.0, ""peak_incremental_memory_mib"": 14233.0, ""peak_memory_used_mib"": 14639.0, ""peak_power_draw_w"": 230.88}, ""1"": {""baseline_memory_used_mib"": 1.0, ""mean_gpu_utilization_percent"": 25.333333333333332, ""mean_memory_utilization_percent"": 10.0, ""mean_power_draw_w"": 87.05833333333334, ""peak_gpu_utilization_percent"": 97.0, ""peak_incremental_memory_mib"": 14167.0, ""peak_memory_used_mib"": 14168.0, ""peak_power_draw_w"": 136.85}}",0.2,6.0,${BENCHMARK_OUTPUT_ROOT}/runs/core/core_p50_g2_r01/monitor_cpp_kl/stdout.log,${BENCHMARK_OUTPUT_ROOT}/runs/core/core_p50_g2_r01/monitor_cpp_kl/stderr.log,${BENCHMARK_OUTPUT_ROOT}/runs/core/core_p50_g2_r01/monitor_cpp_kl/resource_samples.csv,${BENCHMARK_OUTPUT_ROOT}/runs/core/core_p50_g2_r01/monitor_cpp_kl/gnu_time_verbose.txt,,0.425,,50.0,passed,[],8.0,stratified_workload,${BENCHMARK_OUTPUT_ROOT}/design/pair_lists/pairs_50.csv,${PACKED_DB},${PRODIVE_BINARY},8.0,True,50.0,4371736.0,53.0,4373328.0,38.803122169203725,847408.968054146,${BENCHMARK_OUTPUT_ROOT}/runs/core/core_p50_g2_r01/cpp_output/prodive_run_manifest.json,0.0,2026-07-13 14:16:47 +0800,"{""removed_bytes"": 4371736, ""removed_file_count"": 50}",compare,,,,,,,,,,,,,,,,,,,,,,,,,,,,,,,,,,,,,,,,,,,,,,,,,,,,,,,
core_p50_g2_r02,core,cpp_kl,2,50,1091934,100,2,"[0, 1]",completed,0.0,False,1.3080569920130074,247.98046875,247.44921875,247.98046875,,{},process_tree_sampling_with_gnu_time_fallback,True,29001.0,28428.0,44.333333333333336,283.29,0.10293318479649025,"{""0"": {""baseline_memory_used_mib"": 572.0, ""mean_gpu_utilization_percent"": 61.5, ""mean_memory_utilization_percent"": 22.666666666666668, ""mean_power_draw_w"": 185.5566666666667, ""peak_gpu_utilization_percent"": 98.0, ""peak_incremental_memory_mib"": 14261.0, ""peak_memory_used_mib"": 14833.0, ""peak_power_draw_w"": 237.26}, ""1"": {""baseline_memory_used_mib"": 1.0, ""mean_gpu_utilization_percent"": 27.166666666666668, ""mean_memory_utilization_percent"": 13.166666666666666, ""mean_power_draw_w"": 97.73333333333333, ""peak_gpu_utilization_percent"": 98.0, ""peak_incremental_memory_mib"": 14167.0, ""peak_memory_used_mib"": 14168.0, ""peak_power_draw_w"": 141.69}}",0.2,6.0,${BENCHMARK_OUTPUT_ROOT}/runs/core/core_p50_g2_r02/monitor_cpp_kl/stdout.log,${BENCHMARK_OUTPUT_ROOT}/runs/core/core_p50_g2_r02/monitor_cpp_kl/stderr.log,${BENCHMARK_OUTPUT_ROOT}/runs/core/core_p50_g2_r02/monitor_cpp_kl/resource_samples.csv,${BENCHMARK_OUTPUT_ROOT}/runs/core/core_p50_g2_r02/monitor_cpp_kl/gnu_time_verbose.txt,,0.428,,50.0,passed,[],24.0,stratified_workload,${BENCHMARK_OUTPUT_ROOT}/design/pair_lists/pairs_50.csv,${PACKED_DB},${PRODIVE_BINARY},8.0,True,50.0,4371736.0,53.0,4373328.0,38.22463417519257,834775.5538690945,${BENCHMARK_OUTPUT_ROOT}/runs/core/core_p50_g2_r02/cpp_output/prodive_run_manifest.json,0.0,2026-07-13 14:17:15 +0800,"{""removed_bytes"": 4371736, ""removed_file_count"": 50}",compare,,,,,,,,,,,,,,,,,,,,,,,,,,,,,,,,,,,,,,,,,,,,,,,,,,,,,,,
core_p50_g2_r03,core,cpp_kl,3,50,1091934,100,2,"[0, 1]",completed,0.0,False,1.333215116057545,247.8046875,247.36328125,247.8046875,,{},process_tree_sampling_with_gnu_time_fallback,True,28905.0,28332.0,38.083333333333336,245.86,0.09105118567608557,"{""0"": {""baseline_memory_used_mib"": 572.0, ""mean_gpu_utilization_percent"": 58.833333333333336, ""mean_memory_utilization_percent"": 17.666666666666668, ""mean_power_draw_w"": 178.11666666666667, ""peak_gpu_utilization_percent"": 100.0, ""peak_incremental_memory_mib"": 14165.0, ""peak_memory_used_mib"": 14737.0, ""peak_power_draw_w"": 228.46}, ""1"": {""baseline_memory_used_mib"": 1.0, ""mean_gpu_utilization_percent"": 17.333333333333332, ""mean_memory_utilization_percent"": 6.333333333333333, ""mean_power_draw_w"": 67.74333333333333, ""peak_gpu_utilization_percent"": 77.0, ""peak_incremental_memory_mib"": 14167.0, ""peak_memory_used_mib"": 14168.0, ""peak_power_draw_w"": 131.01}}",0.2,6.0,${BENCHMARK_OUTPUT_ROOT}/runs/core/core_p50_g2_r03/monitor_cpp_kl/stdout.log,${BENCHMARK_OUTPUT_ROOT}/runs/core/core_p50_g2_r03/monitor_cpp_kl/stderr.log,${BENCHMARK_OUTPUT_ROOT}/runs/core/core_p50_g2_r03/monitor_cpp_kl/resource_samples.csv,${BENCHMARK_OUTPUT_ROOT}/runs/core/core_p50_g2_r03/monitor_cpp_kl/gnu_time_verbose.txt,,0.449,,50.0,passed,[],22.0,stratified_workload,${BENCHMARK_OUTPUT_ROOT}/design/pair_lists/pairs_50.csv,${PACKED_DB},${PRODIVE_BINARY},8.0,True,50.0,4371736.0,53.0,4373328.0,37.503325155699685,819023.1170112756,${BENCHMARK_OUTPUT_ROOT}/runs/core/core_p50_g2_r03/cpp_output/prodive_run_manifest.json,0.0,2026-07-13 14:17:11 +0800,"{""removed_bytes"": 4371736, ""removed_file_count"": 50}",compare,,,,,,,,,,,,,,,,,,,,,,,,,,,,,,,,,,,,,,,,,,,,,,,,,,,,,,,
e2e_p10000_g2_r01,end_to_end,build_paths,1,10000,241556038,13877,2,"[0, 1]",completed,0.0,False,17.991383285727352,1092.69140625,1092.69140625,130.8359375,,{},process_tree_sampling_with_gnu_time_fallback,True,2.0,0.0,0.034722222222222224,49.80625,0.24891203715965496,"{""0"": {""baseline_memory_used_mib"": 1.0, ""mean_gpu_utilization_percent"": 0.041666666666666664, ""mean_memory_utilization_percent"": 0.0, ""mean_power_draw_w"": 23.052916666666665, ""peak_gpu_utilization_percent"": 1.0, ""peak_incremental_memory_mib"": 0.0, ""peak_memory_used_mib"": 1.0, ""peak_power_draw_w"": 27.07}, ""1"": {""baseline_memory_used_mib"": 1.0, ""mean_gpu_utilization_percent"": 0.027777777777777776, ""mean_memory_utilization_percent"": 0.0, ""mean_power_draw_w"": 26.753333333333334, ""peak_gpu_utilization_percent"": 1.0, ""peak_incremental_memory_mib"": 0.0, ""peak_memory_used_mib"": 1.0, ""peak_power_draw_w"": 28.49}}",0.2,72.0,${BENCHMARK_OUTPUT_ROOT}/runs/end_to_end/e2e_p10000_g2_r01/monitor_build_paths/stdout.log,${BENCHMARK_OUTPUT_ROOT}/runs/end_to_end/e2e_p10000_g2_r01/monitor_build_paths/stderr.log,${BENCHMARK_OUTPUT_ROOT}/runs/end_to_end/e2e_p10000_g2_r01/monitor_build_paths/resource_samples.csv,${BENCHMARK_OUTPUT_ROOT}/runs/end_to_end/e2e_p10000_g2_r01/monitor_build_paths/gnu_time_verbose.txt,,,,,passed,[],,,,,,,,,,4.0,4573.0,,,,,,,,${BENCHMARK_OUTPUT_ROOT}/runs/end_to_end/e2e_p10000_g2_r01/07_paths/path_building_summary.json,7849.0,19.0,11.0,1.0,0.0,0.0,,,,,,,,,,,,,,,,,,,,,,,,,,,,,,,,,,,,,,,,,,,,,,,,
e2e_p10000_g2_r01,end_to_end,cpp_kl,1,10000,241556038,13877,2,"[0, 1]",completed,0.0,False,152.0730687910691,9589.63671875,9589.36328125,9589.63671875,,{},process_tree_sampling_with_gnu_time_fallback,True,28412.0,28410.0,52.47538461538461,317.8951230769231,13.428690811117306,"{""0"": {""baseline_memory_used_mib"": 1.0, ""mean_gpu_utilization_percent"": 52.61538461538461, ""mean_memory_utilization_percent"": 25.03846153846154, ""mean_power_draw_w"": 161.94136923076923, ""peak_gpu_utilization_percent"": 98.0, ""peak_incremental_memory_mib"": 14205.0, ""peak_memory_used_mib"": 14206.0, ""peak_power_draw_w"": 263.57}, ""1"": {""baseline_memory_used_mib"": 1.0, ""mean_gpu_utilization_percent"": 52.33538461538461, ""mean_memory_utilization_percent"": 24.66, ""mean_power_draw_w"": 155.95375384615386, ""peak_gpu_utilization_percent"": 98.0, ""peak_incremental_memory_mib"": 14205.0, ""peak_memory_used_mib"": 14206.0, ""peak_power_draw_w"": 258.85}}",0.2,650.0,${BENCHMARK_OUTPUT_ROOT}/runs/end_to_end/e2e_p10000_g2_r01/monitor_cpp_kl/stdout.log,${BENCHMARK_OUTPUT_ROOT}/runs/end_to_end/e2e_p10000_g2_r01/monitor_cpp_kl/stderr.log,${BENCHMARK_OUTPUT_ROOT}/runs/end_to_end/e2e_p10000_g2_r01/monitor_cpp_kl/resource_samples.csv,${BENCHMARK_OUTPUT_ROOT}/runs/end_to_end/e2e_p10000_g2_r01/monitor_cpp_kl/gnu_time_verbose.txt,,61.034,119.048,10000.0,passed,[],,,,,,,,10000.0,967024152.0,10003.0,967136547.0,65.7578628451225,1588420.8816215198,${BENCHMARK_OUTPUT_ROOT}/runs/end_to_end/e2e_p10000_g2_r01/05_cpp_kl/prodive_run_manifest.json,84.0,,,,,,,,,,,,,,,,,,,,,,,,,,,,,,,,,,,,,,,,,,,,,,,,,,,,,,,,,,
e2e_p10000_g2_r01,end_to_end,filter_kl,1,10000,241556038,13877,2,"[0, 1]",completed,0.0,False,8.136391534935683,250.5546875,237.6640625,250.5546875,,{},process_tree_sampling_with_gnu_time_fallback,True,2.0,0.0,0.02857142857142857,183.85685714285714,0.41553649336028387,"{""0"": {""baseline_memory_used_mib"": 1.0, ""mean_gpu_utilization_percent"": 0.0, ""mean_memory_utilization_percent"": 0.0, ""mean_power_draw_w"": 93.18828571428571, ""peak_gpu_utilization_percent"": 0.0, ""peak_incremental_memory_mib"": 0.0, ""peak_memory_used_mib"": 1.0, ""peak_power_draw_w"": 155.91}, ""1"": {""baseline_memory_used_mib"": 1.0, ""mean_gpu_utilization_percent"": 0.05714285714285714, ""mean_memory_utilization_percent"": 0.0, ""mean_power_draw_w"": 90.66857142857143, ""peak_gpu_utilization_percent"": 1.0, ""peak_incremental_memory_mib"": 0.0, ""peak_memory_used_mib"": 1.0, ""peak_power_draw_w"": 148.2}}",0.2,35.0,${BENCHMARK_OUTPUT_ROOT}/runs/end_to_end/e2e_p10000_g2_r01/monitor_filter_kl/stdout.log,${BENCHMARK_OUTPUT_ROOT}/runs/end_to_end/e2e_p10000_g2_r01/monitor_filter_kl/stderr.log,${BENCHMARK_OUTPUT_ROOT}/runs/end_to_end/e2e_p10000_g2_r01/monitor_filter_kl/resource_samples.csv,${BENCHMARK_OUTPUT_ROOT}/runs/end_to_end/e2e_p10000_g2_r01/monitor_filter_kl/gnu_time_verbose.txt,,,,,passed,[],,,,,,,,,,7850.0,1191119.0,,,,,,,,,,,,,,,${BENCHMARK_OUTPUT_ROOT}/runs/end_to_end/e2e_p10000_g2_r01/06_filtered_pk/filter_cpp_kl_run_summary.json,10000.0,10000.0,0.0,0.0,7849.0,241556038.0,30862.0,3052.0,,,,,,,,,,,,,,,,,,,,,,,,,,,,,,,,,,,,,,,
e2e_p10000_g2_r01,end_to_end,rescore_paths,1,10000,241556038,13877,2,"[0, 1]",completed,0.0,False,3.7823334177955985,188.40234375,188.40234375,188.40234375,,{},process_tree_sampling_with_gnu_time_fallback,True,2.0,0.0,0.0,48.62882352941176,0.05109178452871639,"{""0"": {""baseline_memory_used_mib"": 1.0, ""mean_gpu_utilization_percent"": 0.0, ""mean_memory_utilization_percent"": 0.0, ""mean_power_draw_w"": 22.468823529411765, ""peak_gpu_utilization_percent"": 0.0, ""peak_incremental_memory_mib"": 0.0, ""peak_memory_used_mib"": 1.0, ""peak_power_draw_w"": 22.57}, ""1"": {""baseline_memory_used_mib"": 1.0, ""mean_gpu_utilization_percent"": 0.0, ""mean_memory_utilization_percent"": 0.0, ""mean_power_draw_w"": 26.16, ""peak_gpu_utilization_percent"": 0.0, ""peak_incremental_memory_mib"": 0.0, ""peak_memory_used_mib"": 1.0, ""peak_power_draw_w"": 26.43}}",0.2,17.0,${BENCHMARK_OUTPUT_ROOT}/runs/end_to_end/e2e_p10000_g2_r01/monitor_rescore_paths/stdout.log,${BENCHMARK_OUTPUT_ROOT}/runs/end_to_end/e2e_p10000_g2_r01/monitor_rescore_paths/stderr.log,${BENCHMARK_OUTPUT_ROOT}/runs/end_to_end/e2e_p10000_g2_r01/monitor_rescore_paths/resource_samples.csv,${BENCHMARK_OUTPUT_ROOT}/runs/end_to_end/e2e_p10000_g2_r01/monitor_rescore_paths/gnu_time_verbose.txt,,,,,passed,[],,,,,,,,,,4.0,163186.0,,,,,,,,,,,,,,,,,,,,,,,,${BENCHMARK_OUTPUT_ROOT}/runs/end_to_end/e2e_p10000_g2_r01/08_final_paths/final_paths.summary.json,19.0,0.0,38.0,0.0,17.0,14.0,${BENCHMARK_OUTPUT_ROOT}/runs/end_to_end/e2e_p10000_g2_r01/08_final_paths/final_paths.csv,,,,,,,,,,,,,,,,,,,,,,,,,,,,,,,
e2e_p10000_g2_r02,end_to_end,build_paths,2,10000,241556038,13877,2,"[0, 1]",completed,0.0,False,17.6225503962487,1374.58203125,1374.58203125,131.58984375,,{},process_tree_sampling_with_gnu_time_fallback,True,2.0,0.0,0.007142857142857143,50.850857142857144,0.24892272019234532,"{""0"": {""baseline_memory_used_mib"": 1.0, ""mean_gpu_utilization_percent"": 0.0, ""mean_memory_utilization_percent"": 0.0, ""mean_power_draw_w"": 23.62957142857143, ""peak_gpu_utilization_percent"": 0.0, ""peak_incremental_memory_mib"": 0.0, ""peak_memory_used_mib"": 1.0, ""peak_power_draw_w"": 33.62}, ""1"": {""baseline_memory_used_mib"": 1.0, ""mean_gpu_utilization_percent"": 0.014285714285714285, ""mean_memory_utilization_percent"": 0.0, ""mean_power_draw_w"": 27.221285714285713, ""peak_gpu_utilization_percent"": 1.0, ""peak_incremental_memory_mib"": 0.0, ""peak_memory_used_mib"": 1.0, ""peak_power_draw_w"": 38.76}}",0.2,70.0,${BENCHMARK_OUTPUT_ROOT}/runs/end_to_end/e2e_p10000_g2_r02/monitor_build_paths/stdout.log,${BENCHMARK_OUTPUT_ROOT}/runs/end_to_end/e2e_p10000_g2_r02/monitor_build_paths/stderr.log,${BENCHMARK_OUTPUT_ROOT}/runs/end_to_end/e2e_p10000_g2_r02/monitor_build_paths/resource_samples.csv,${BENCHMARK_OUTPUT_ROOT}/runs/end_to_end/e2e_p10000_g2_r02/monitor_build_paths/gnu_time_verbose.txt,,,,,passed,[],,,,,,,,,,4.0,4573.0,,,,,,,,${BENCHMARK_OUTPUT_ROOT}/runs/end_to_end/e2e_p10000_g2_r02/07_paths/path_building_summary.json,7849.0,19.0,11.0,1.0,0.0,0.0,,,,,,,,,,,,,,,,,,,,,,,,,,,,,,,,,,,,,,,,,,,,,,,,
e2e_p10000_g2_r02,end_to_end,cpp_kl,2,10000,241556038,13877,2,"[0, 1]",completed,0.0,False,149.15379874408245,9589.375,9589.2265625,9589.375,,{},process_tree_sampling_with_gnu_time_fallback,True,28412.0,28410.0,53.88299531981279,320.95642745709824,13.29774177404326,"{""0"": {""baseline_memory_used_mib"": 1.0, ""mean_gpu_utilization_percent"": 53.77223088923557, ""mean_memory_utilization_percent"": 25.66458658346334, ""mean_power_draw_w"": 160.43639625585024, ""peak_gpu_utilization_percent"": 99.0, ""peak_incremental_memory_mib"": 14205.0, ""peak_memory_used_mib"": 14206.0, ""peak_power_draw_w"": 265.71}, ""1"": {""baseline_memory_used_mib"": 1.0, ""mean_gpu_utilization_percent"": 53.99375975039001, ""mean_memory_utilization_percent"": 25.53198127925117, ""mean_power_draw_w"": 160.52003120124803, ""peak_gpu_utilization_percent"": 98.0, ""peak_incremental_memory_mib"": 14205.0, ""peak_memory_used_mib"": 14206.0, ""peak_power_draw_w"": 262.36}}",0.2,641.0,${BENCHMARK_OUTPUT_ROOT}/runs/end_to_end/e2e_p10000_g2_r02/monitor_cpp_kl/stdout.log,${BENCHMARK_OUTPUT_ROOT}/runs/end_to_end/e2e_p10000_g2_r02/monitor_cpp_kl/stderr.log,${BENCHMARK_OUTPUT_ROOT}/runs/end_to_end/e2e_p10000_g2_r02/monitor_cpp_kl/resource_samples.csv,${BENCHMARK_OUTPUT_ROOT}/runs/end_to_end/e2e_p10000_g2_r02/monitor_cpp_kl/gnu_time_verbose.txt,,58.894,119.048,10000.0,passed,[],,,,,,,,10000.0,967024152.0,10003.0,967136547.0,67.04488979967559,1619509.794815625,${BENCHMARK_OUTPUT_ROOT}/runs/end_to_end/e2e_p10000_g2_r02/05_cpp_kl/prodive_run_manifest.json,84.0,,,,,,,,,,,,,,,,,,,,,,,,,,,,,,,,,,,,,,,,,,,,,,,,,,,,,,,,,,
e2e_p10000_g2_r02,end_to_end,filter_kl,2,10000,241556038,13877,2,"[0, 1]",completed,0.0,False,7.5037744250148535,251.08203125,225.9765625,251.08203125,,{},process_tree_sampling_with_gnu_time_fallback,True,2.0,0.0,2.015625,205.85000000000002,0.42906999038591886,"{""0"": {""baseline_memory_used_mib"": 1.0, ""mean_gpu_utilization_percent"": 1.75, ""mean_memory_utilization_percent"": 0.09375, ""mean_power_draw_w"": 104.29, ""peak_gpu_utilization_percent"": 55.0, ""peak_incremental_memory_mib"": 0.0, ""peak_memory_used_mib"": 1.0, ""peak_power_draw_w"": 158.03}, ""1"": {""baseline_memory_used_mib"": 1.0, ""mean_gpu_utilization_percent"": 2.28125, ""mean_memory_utilization_percent"": 0.125, ""mean_power_draw_w"": 101.56, ""peak_gpu_utilization_percent"": 72.0, ""peak_incremental_memory_mib"": 0.0, ""peak_memory_used_mib"": 1.0, ""peak_power_draw_w"": 150.46}}",0.2,32.0,${BENCHMARK_OUTPUT_ROOT}/runs/end_to_end/e2e_p10000_g2_r02/monitor_filter_kl/stdout.log,${BENCHMARK_OUTPUT_ROOT}/runs/end_to_end/e2e_p10000_g2_r02/monitor_filter_kl/stderr.log,${BENCHMARK_OUTPUT_ROOT}/runs/end_to_end/e2e_p10000_g2_r02/monitor_filter_kl/resource_samples.csv,${BENCHMARK_OUTPUT_ROOT}/runs/end_to_end/e2e_p10000_g2_r02/monitor_filter_kl/gnu_time_verbose.txt,,,,,passed,[],,,,,,,,,,7850.0,1191119.0,,,,,,,,,,,,,,,${BENCHMARK_OUTPUT_ROOT}/runs/end_to_end/e2e_p10000_g2_r02/06_filtered_pk/filter_cpp_kl_run_summary.json,10000.0,10000.0,0.0,0.0,7849.0,241556038.0,30862.0,3052.0,,,,,,,,,,,,,,,,,,,,,,,,,,,,,,,,,,,,,,,
e2e_p10000_g2_r02,end_to_end,rescore_paths,2,10000,241556038,13877,2,"[0, 1]",completed,0.0,False,1.9485574970021844,188.36328125,188.10546875,188.36328125,,{},process_tree_sampling_with_gnu_time_fallback,True,2.0,0.0,0.16666666666666666,48.577777777777776,0.026293498076831946,"{""0"": {""baseline_memory_used_mib"": 1.0, ""mean_gpu_utilization_percent"": 0.1111111111111111, ""mean_memory_utilization_percent"": 0.0, ""mean_power_draw_w"": 22.493333333333332, ""peak_gpu_utilization_percent"": 1.0, ""peak_incremental_memory_mib"": 0.0, ""peak_memory_used_mib"": 1.0, ""peak_power_draw_w"": 22.56}, ""1"": {""baseline_memory_used_mib"": 1.0, ""mean_gpu_utilization_percent"": 0.2222222222222222, ""mean_memory_utilization_percent"": 0.0, ""mean_power_draw_w"": 26.084444444444443, ""peak_gpu_utilization_percent"": 1.0, ""peak_incremental_memory_mib"": 0.0, ""peak_memory_used_mib"": 1.0, ""peak_power_draw_w"": 26.16}}",0.2,9.0,${BENCHMARK_OUTPUT_ROOT}/runs/end_to_end/e2e_p10000_g2_r02/monitor_rescore_paths/stdout.log,${BENCHMARK_OUTPUT_ROOT}/runs/end_to_end/e2e_p10000_g2_r02/monitor_rescore_paths/stderr.log,${BENCHMARK_OUTPUT_ROOT}/runs/end_to_end/e2e_p10000_g2_r02/monitor_rescore_paths/resource_samples.csv,${BENCHMARK_OUTPUT_ROOT}/runs/end_to_end/e2e_p10000_g2_r02/monitor_rescore_paths/gnu_time_verbose.txt,,,,,passed,[],,,,,,,,,,4.0,163186.0,,,,,,,,,,,,,,,,,,,,,,,,${BENCHMARK_OUTPUT_ROOT}/runs/end_to_end/e2e_p10000_g2_r02/08_final_paths/final_paths.summary.json,19.0,0.0,38.0,0.0,17.0,14.0,${BENCHMARK_OUTPUT_ROOT}/runs/end_to_end/e2e_p10000_g2_r02/08_final_paths/final_paths.csv,,,,,,,,,,,,,,,,,,,,,,,,,,,,,,,
e2e_p10000_g2_r03,end_to_end,build_paths,3,10000,241556038,13877,2,"[0, 1]",completed,0.0,False,18.706381881143898,131.35546875,131.3046875,131.35546875,,{},process_tree_sampling_with_gnu_time_fallback,True,2.0,0.0,0.02631578947368421,50.82157894736842,0.26407996210893797,"{""0"": {""baseline_memory_used_mib"": 1.0, ""mean_gpu_utilization_percent"": 0.02631578947368421, ""mean_memory_utilization_percent"": 0.0, ""mean_power_draw_w"": 23.62184210526316, ""peak_gpu_utilization_percent"": 1.0, ""peak_incremental_memory_mib"": 0.0, ""peak_memory_used_mib"": 1.0, ""peak_power_draw_w"": 31.28}, ""1"": {""baseline_memory_used_mib"": 1.0, ""mean_gpu_utilization_percent"": 0.02631578947368421, ""mean_memory_utilization_percent"": 0.0, ""mean_power_draw_w"": 27.19973684210526, ""peak_gpu_utilization_percent"": 1.0, ""peak_incremental_memory_mib"": 0.0, ""peak_memory_used_mib"": 1.0, ""peak_power_draw_w"": 34.69}}",0.2,76.0,${BENCHMARK_OUTPUT_ROOT}/runs/end_to_end/e2e_p10000_g2_r03/monitor_build_paths/stdout.log,${BENCHMARK_OUTPUT_ROOT}/runs/end_to_end/e2e_p10000_g2_r03/monitor_build_paths/stderr.log,${BENCHMARK_OUTPUT_ROOT}/runs/end_to_end/e2e_p10000_g2_r03/monitor_build_paths/resource_samples.csv,${BENCHMARK_OUTPUT_ROOT}/runs/end_to_end/e2e_p10000_g2_r03/monitor_build_paths/gnu_time_verbose.txt,,,,,passed,[],,,,,,,,,,4.0,4573.0,,,,,,,,${BENCHMARK_OUTPUT_ROOT}/runs/end_to_end/e2e_p10000_g2_r03/07_paths/path_building_summary.json,7849.0,19.0,11.0,1.0,0.0,0.0,,,,,,,,,,,,,,,,,,,,,,,,,,,,,,,,,,,,,,,,,,,,,,,,
e2e_p10000_g2_r03,end_to_end,cpp_kl,3,10000,241556038,13877,2,"[0, 1]",completed,0.0,False,149.86946076201275,9589.390625,9589.390625,9589.390625,,{},process_tree_sampling_with_gnu_time_fallback,True,28412.0,28410.0,53.47900466562986,319.91522550544323,13.318200648905135,"{""0"": {""baseline_memory_used_mib"": 1.0, ""mean_gpu_utilization_percent"": 53.480559875583204, ""mean_memory_utilization_percent"": 25.842923794712288, ""mean_power_draw_w"": 160.29727838258165, ""peak_gpu_utilization_percent"": 99.0, ""peak_incremental_memory_mib"": 14205.0, ""peak_memory_used_mib"": 14206.0, ""peak_power_draw_w"": 265.1}, ""1"": {""baseline_memory_used_mib"": 1.0, ""mean_gpu_utilization_percent"": 53.47744945567651, ""mean_memory_utilization_percent"": 25.110419906687405, ""mean_power_draw_w"": 159.61794712286158, ""peak_gpu_utilization_percent"": 99.0, ""peak_incremental_memory_mib"": 14205.0, ""peak_memory_used_mib"": 14206.0, ""peak_power_draw_w"": 260.74}}",0.2,643.0,${BENCHMARK_OUTPUT_ROOT}/runs/end_to_end/e2e_p10000_g2_r03/monitor_cpp_kl/stdout.log,${BENCHMARK_OUTPUT_ROOT}/runs/end_to_end/e2e_p10000_g2_r03/monitor_cpp_kl/stderr.log,${BENCHMARK_OUTPUT_ROOT}/runs/end_to_end/e2e_p10000_g2_r03/monitor_cpp_kl/resource_samples.csv,${BENCHMARK_OUTPUT_ROOT}/runs/end_to_end/e2e_p10000_g2_r03/monitor_cpp_kl/gnu_time_verbose.txt,,59.325,119.048,10000.0,passed,[],,,,,,,,10000.0,967024152.0,10003.0,967136547.0,66.7247346400988,1611776.2536263622,${BENCHMARK_OUTPUT_ROOT}/runs/end_to_end/e2e_p10000_g2_r03/05_cpp_kl/prodive_run_manifest.json,84.0,,,,,,,,,,,,,,,,,,,,,,,,,,,,,,,,,,,,,,,,,,,,,,,,,,,,,,,,,,
e2e_p10000_g2_r03,end_to_end,filter_kl,3,10000,241556038,13877,2,"[0, 1]",completed,0.0,False,7.108953935094178,250.30078125,250.30078125,250.30078125,,{},process_tree_sampling_with_gnu_time_fallback,True,2.0,0.0,1.8870967741935483,211.54451612903227,0.4177389501064105,"{""0"": {""baseline_memory_used_mib"": 1.0, ""mean_gpu_utilization_percent"": 1.5806451612903225, ""mean_memory_utilization_percent"": 0.0967741935483871, ""mean_power_draw_w"": 107.67225806451613, ""peak_gpu_utilization_percent"": 49.0, ""peak_incremental_memory_mib"": 0.0, ""peak_memory_used_mib"": 1.0, ""peak_power_draw_w"": 157.51}, ""1"": {""baseline_memory_used_mib"": 1.0, ""mean_gpu_utilization_percent"": 2.193548387096774, ""mean_memory_utilization_percent"": 0.12903225806451613, ""mean_power_draw_w"": 103.87225806451613, ""peak_gpu_utilization_percent"": 68.0, ""peak_incremental_memory_mib"": 0.0, ""peak_memory_used_mib"": 1.0, ""peak_power_draw_w"": 149.8}}",0.2,31.0,${BENCHMARK_OUTPUT_ROOT}/runs/end_to_end/e2e_p10000_g2_r03/monitor_filter_kl/stdout.log,${BENCHMARK_OUTPUT_ROOT}/runs/end_to_end/e2e_p10000_g2_r03/monitor_filter_kl/stderr.log,${BENCHMARK_OUTPUT_ROOT}/runs/end_to_end/e2e_p10000_g2_r03/monitor_filter_kl/resource_samples.csv,${BENCHMARK_OUTPUT_ROOT}/runs/end_to_end/e2e_p10000_g2_r03/monitor_filter_kl/gnu_time_verbose.txt,,,,,passed,[],,,,,,,,,,7850.0,1191119.0,,,,,,,,,,,,,,,${BENCHMARK_OUTPUT_ROOT}/runs/end_to_end/e2e_p10000_g2_r03/06_filtered_pk/filter_cpp_kl_run_summary.json,10000.0,10000.0,0.0,0.0,7849.0,241556038.0,30862.0,3052.0,,,,,,,,,,,,,,,,,,,,,,,,,,,,,,,,,,,,,,,
e2e_p10000_g2_r03,end_to_end,rescore_paths,3,10000,241556038,13877,2,"[0, 1]",completed,0.0,False,1.898918709717691,187.75,172.0546875,187.75,,{},process_tree_sampling_with_gnu_time_fallback,True,2.0,0.0,0.0,48.39222222222222,0.025525804495165002,"{""0"": {""baseline_memory_used_mib"": 1.0, ""mean_gpu_utilization_percent"": 0.0, ""mean_memory_utilization_percent"": 0.0, ""mean_power_draw_w"": 22.35, ""peak_gpu_utilization_percent"": 0.0, ""peak_incremental_memory_mib"": 0.0, ""peak_memory_used_mib"": 1.0, ""peak_power_draw_w"": 22.37}, ""1"": {""baseline_memory_used_mib"": 1.0, ""mean_gpu_utilization_percent"": 0.0, ""mean_memory_utilization_percent"": 0.0, ""mean_power_draw_w"": 26.04222222222222, ""peak_gpu_utilization_percent"": 0.0, ""peak_incremental_memory_mib"": 0.0, ""peak_memory_used_mib"": 1.0, ""peak_power_draw_w"": 26.14}}",0.2,9.0,${BENCHMARK_OUTPUT_ROOT}/runs/end_to_end/e2e_p10000_g2_r03/monitor_rescore_paths/stdout.log,${BENCHMARK_OUTPUT_ROOT}/runs/end_to_end/e2e_p10000_g2_r03/monitor_rescore_paths/stderr.log,${BENCHMARK_OUTPUT_ROOT}/runs/end_to_end/e2e_p10000_g2_r03/monitor_rescore_paths/resource_samples.csv,${BENCHMARK_OUTPUT_ROOT}/runs/end_to_end/e2e_p10000_g2_r03/monitor_rescore_paths/gnu_time_verbose.txt,,,,,passed,[],,,,,,,,,,4.0,163186.0,,,,,,,,,,,,,,,,,,,,,,,,${BENCHMARK_OUTPUT_ROOT}/runs/end_to_end/e2e_p10000_g2_r03/08_final_paths/final_paths.summary.json,19.0,0.0,38.0,0.0,17.0,14.0,${BENCHMARK_OUTPUT_ROOT}/runs/end_to_end/e2e_p10000_g2_r03/08_final_paths/final_paths.csv,,,,,,,,,,,,,,,,,,,,,,,,,,,,,,,
rawkl_cpu_gpu_p5_g1_r01,cpu_gpu_validation,cpu_raw_kl,1,5,27733,10,0,[],completed,0.0,False,5.294094723183662,271.8203125,271.7578125,271.8203125,,{},process_tree_sampling_with_gnu_time_fallback,False,0.0,0.0,,0.0,0.0,{},0.2,23.0,${BENCHMARK_OUTPUT_ROOT}/runs/cpu_gpu_validation/rawkl_cpu_gpu_p5_g1_r01/monitor_cpu_raw_kl/stdout.log,${BENCHMARK_OUTPUT_ROOT}/runs/cpu_gpu_validation/rawkl_cpu_gpu_p5_g1_r01/monitor_cpu_raw_kl/stderr.log,${BENCHMARK_OUTPUT_ROOT}/runs/cpu_gpu_validation/rawkl_cpu_gpu_p5_g1_r01/monitor_cpu_raw_kl/resource_samples.csv,${BENCHMARK_OUTPUT_ROOT}/runs/cpu_gpu_validation/rawkl_cpu_gpu_p5_g1_r01/monitor_cpu_raw_kl/gnu_time_verbose.txt,,,,,passed,[],,,,,,,,5.0,111572.0,,,0.9444485339682769,5238.4782385084445,,,,,,,,,,,,,,,,,,,,,,,,,,,,,,strict_single_core,True,False,${BENCHMARK_OUTPUT_ROOT}/runs/cpu_gpu_validation/rawkl_cpu_gpu_p5_g1_r01/cpu_raw_kl/cpu_batch_summary.json,0.6966634038835764,0.18706504721194506,2.4096818999387324,,,,,,,,,,,,,,,,,,,,,,,,
rawkl_cpu_gpu_p5_g1_r01,cpu_gpu_validation,gpu_raw_kl,1,5,27733,10,1,[0],completed,0.0,False,0.5397217348217964,104.1640625,102.3515625,104.1640625,,{},process_tree_sampling_with_gnu_time_fallback,True,14160.0,14159.0,29.0,29.203333333333333,0.004378242702568295,"{""0"": {""baseline_memory_used_mib"": 1.0, ""mean_gpu_utilization_percent"": 29.0, ""mean_memory_utilization_percent"": 2.0, ""mean_power_draw_w"": 29.203333333333333, ""peak_gpu_utilization_percent"": 86.0, ""peak_incremental_memory_mib"": 14159.0, ""peak_memory_used_mib"": 14160.0, ""peak_power_draw_w"": 43.32}}",0.2,3.0,${BENCHMARK_OUTPUT_ROOT}/runs/cpu_gpu_validation/rawkl_cpu_gpu_p5_g1_r01/monitor_gpu_raw_kl/stdout.log,${BENCHMARK_OUTPUT_ROOT}/runs/cpu_gpu_validation/rawkl_cpu_gpu_p5_g1_r01/monitor_gpu_raw_kl/stderr.log,${BENCHMARK_OUTPUT_ROOT}/runs/cpu_gpu_validation/rawkl_cpu_gpu_p5_g1_r01/monitor_gpu_raw_kl/resource_samples.csv,${BENCHMARK_OUTPUT_ROOT}/runs/cpu_gpu_validation/rawkl_cpu_gpu_p5_g1_r01/monitor_gpu_raw_kl/gnu_time_verbose.txt,,0.046,,5.0,passed,[],,,,,,,,5.0,111332.0,,,9.264033070024286,51383.8858261967,${BENCHMARK_OUTPUT_ROOT}/runs/cpu_gpu_validation/rawkl_cpu_gpu_p5_g1_r01/gpu_raw_kl/prodive_run_manifest.json,0.0,,,,,,,,,,,,,,,,,,,,,,,,,,,,,True,False,,,,,,,,,,,,,,,,,,,,,,,,,,,,
rawkl_cpu_gpu_p5_g1_r01,cpu_gpu_validation,raw_kl_comparison,1,5,27733,10,1,[0],completed,,,0.12298360886052251,,,,,,,,,,,,,,,,,,,,,,,,passed,,,,${BENCHMARK_OUTPUT_ROOT}/design/pair_lists/pairs_cpu_gpu_validation.csv,,,,,,,,,,,,,,,,,,,,,,,,,,,,,,,,,,,,,,,,,,,,,,,raw symmetric KL only,False,0.5 * (KL(1||2) + KL(2||1)); no /(3*fragment+2),${BENCHMARK_OUTPUT_ROOT}/runs/cpu_gpu_validation/rawkl_cpu_gpu_p5_g1_r01/cpu_raw_kl,${BENCHMARK_OUTPUT_ROOT}/runs/cpu_gpu_validation/rawkl_cpu_gpu_p5_g1_r01/gpu_raw_kl,0.0001,1e-05,5.0,5.0,5.0,1.0,27733.0,0.0,0.0,3.814697265625e-06,2.9146161927235687e-07,5.070422066664849e-07,0.9999999999999853,[],${BENCHMARK_OUTPUT_ROOT}/runs/cpu_gpu_validation/rawkl_cpu_gpu_p5_g1_r01/comparison/raw_kl_pair_comparison.csv,"A tolerance miss is reported as a numerical difference, not silently corrected. Only missing files or matrix-shape differences are blocking structural errors.",True,0.01,0.999
