backend,device_count,device_unit,pair_count,window_cells,repeat_count,wall_seconds_median,wall_seconds_q1,wall_seconds_q3,window_cells_per_second_median,window_cells_per_second_q1,window_cells_per_second_q3,peak_host_rss_mib_median,peak_gpu_incremental_memory_mib_sum_median,internal_pair_or_gpu_stage_seconds_median
CPU,1,CPU processes,20,487045,3,12.975468270946294,12.971669594058767,13.379924618406221,37535.83222044903,36434.469334705725,37546.8275873231,263.5625,0.0,11.576301254797727
GPU,1,GPUs,20,487045,3,0.9253409286029637,0.8476678107399493,0.9679143093526363,526341.1408110064,504165.58933081443,579435.7372342844,127.90234375,14165.0,0.0
GPU,2,GPUs,20,487045,3,0.8464946979656816,0.8429409621749073,0.8844934168737382,575366.8642821738,551666.7123818656,577802.8101176056,210.48828125,28332.0,0.0
CPU,1,CPU processes,50,1091934,3,29.048243939876556,28.227500148816034,29.25509430002421,37590.361822217616,37326.442384085014,38716.07168976176,301.4921875,0.0,27.493555076420307
GPU,1,GPUs,50,1091934,3,1.7018333598971367,1.5860524403396994,1.7123192388098687,641622.162152233,637716.9193416315,692148.6145063476,164.9765625,14165.0,0.0
GPU,2,GPUs,50,1091934,3,1.3080569920130074,1.2983065489679575,1.3206360540352762,834775.5538690945,826899.335440185,841092.2609616203,247.98046875,28400.0,0.0
CPU,1,CPU processes,100,2486781,3,61.56625881884247,61.330077837221324,63.84500121092424,40391.94597348046,38999.9673199267,40548.095931833144,370.95703125,0.0,58.934600938111544
GPU,1,GPUs,100,2486781,3,2.8453077897429466,2.843791745835915,2.861416479339823,873993.6709007721,869100.9620876021,874459.8511445302,237.6015625,14173.0,1.0
GPU,2,GPUs,100,2486781,3,2.4006441202946007,2.3707980101462454,2.432035014498979,1035880.7367477812,1022680.7364958075,1049087.7618769868,320.2734375,28348.0,0.0
CPU,1,CPU processes,200,5009275,3,128.3294311617501,125.77762204431929,135.43702729186043,39034.4985920351,37088.15053292772,39842.840505434324,500.57421875,0.0,124.99938254104927
GPU,1,GPUs,200,5009275,3,5.7328893737867475,5.6806239928118885,5.828048661351204,873778.4166749448,859740.7309585067,881892.3918113336,370.3984375,14269.0,3.0
GPU,2,GPUs,200,5009275,3,4.0368038709275424,4.035531802102923,4.060824376530945,1240901.2575706362,1233604.266749489,1241292.534262904,453.39453125,28348.0,1.0
CPU,1,CPU processes,500,12311926,3,325.19326124014333,320.6182846620213,331.70882019912824,37860.33558336282,37130.99357284786,38408.39385292043,881.8515625,0.0,318.29309437563643
CPU,2,CPU processes,500,12311926,3,177.078386195004,176.94982751994394,180.3622525590472,69528.11274461097,68284.8464445317,69578.66346236266,1555.87890625,0.0,170.63982314802706
CPU,4,CPU processes,500,12311926,3,97.11704650893807,94.43081849790178,98.52249440108426,126774.09829248549,124991.06959065283,130485.96982736248,1897.9375,0.0,90.86145882215351
CPU,8,CPU processes,500,12311926,3,54.16906577302143,53.24126630160026,55.6446621324867,227287.0285706843,221415.48805656296,231318.05151269888,2573.8125,0.0,47.417441135738045
CPU,16,CPU processes,500,12311926,3,32.441402160096914,32.165069963084534,32.6364446785301,379512.75777912367,377258.180531048,382801.4296268664,3930.8984375,0.0,26.306141739245504
GPU,1,GPUs,500,12311926,3,13.784696188755333,13.760654538404197,13.858066596323624,893159.0389379256,888455.1851508488,894722.2348652694,769.67578125,14175.0,8.0
GPU,2,GPUs,500,12311926,3,9.579563109204173,9.281057296320796,9.652791457483545,1285228.34075497,1275551.7052519703,1327938.7144505964,852.76953125,28350.0,4.0
